Workbook

Sheet Monster
A1: id | B1: name | C1: set_prefix | D1: equipment_prefix | E1: #dup_id | G1: id | H1: name | I1: #dup_id
A2: 1 | B2: Great Jagras | C2: Jagras | D2: Jagras | E2: =$A2 -> 1 | G2: 1 | H2: Fire | I2: =G2 -> 1
A3: 2 | B3: Kulu-Ya-Ku | C3: Kulu | D3: Kulu | E3: =$A3 -> 2 | G3: 2 | H3: Water | I3: =G3 -> 2
A4: 3 | B4: Pukei-Pukei | C4: Pukei | D4: Pukei | E4: =$A4 -> 3 | G4: 3 | H4: Thunder | I4: =G4 -> 3
A5: 4 | B5: Coral Pukei-Pukei | C5: Coral Pukei | D5: Pukei Lagoon | E5: =$A5 -> 4 | G5: 4 | H5: Ice | I5: =G5 -> 4
A6: 5 | B6: Barroth | C6: Barroth | D6: Barroth | E6: =$A6 -> 5 | G6: 5 | H6: Dragon | I6: =G6 -> 5
A7: 6 | B7: Great Girros | C7: Girros | D7: Girros | E7: =$A7 -> 6 | G7: 6 | H7: Poison | I7: =G7 -> 6
A8: 7 | B8: Tobi-Kadachi | C8: Kadachi | D8: Kadachi | E8: =$A8 -> 7 | G8: 7 | H8: Paralysis | I8: =G8 -> 7
A9: 8 | B9: Paolumu | C9: Paolumu | D9: Lumu | E9: =$A9 -> 8 | G9: 8 | H9: Sleep | I9: =G9 -> 8
A10: 9 | B10: Nightshade Paolumu | C10: Nightshade Paolumu | D10: Lumu Phantasm | E10: =$A10 -> 9 | G10: 9 | H10: Blast | I10: =G10 -> 9
A11: 10 | B11: Jyuratodus | C11: Jyuratodus | D11: Jyura | E11: =$A11 -> 10 | G11: 10 | H11: No Element | I11: =G11 -> 10
A12: 11 | B12: Anjanath | C12: Anjanath | D12: Anja | E12: =$A12 -> 11
A13: 12 | B13: Fulgur Anjanath | C13: Fulgur | D13: Fulgur | E13: =$A13 -> 12
A14: 13 | B14: Rathian | C14: Rathian | D14: Rathian | E14: =$A14 -> 13
A15: 14 | B15: Pink Rathian | C15: Pink Rathian | D15: Rath Heart | E15: =$A15 -> 14
A16: 15 | B16: Golden Rathian | C16: Golden Lune | D16: Golden Lune | E16: =$A16 -> 15
A17: 16 | B17: Legiana | C17: Legiana | D17: Legiana | E17: =$A17 -> 16
A18: 17 | B18: Diablos | C18: Diablos | D18: Diablos | E18: =$A18 -> 17
A19: 18 | B19: Black Diablos | C19: Black Diablos | D19: Diablos Nero | E19: =$A19 -> 18
A20: 19 | B20: Rathalos | C20: Rathalos | D20: Rathalos | E20: =$A20 -> 19
A21: 20 | B21: Azure Rathalos | C21: Azure Rathalos | D21: Rath Soul | E21: =$A21 -> 20
A22: 21 | B22: Silver Rathalos | C22: Silver Sol | D22: Silver Sol | E22: =$A22 -> 21
A23: 22 | B23: Radobaan | C23: Radobaan | D23: Baan | E23: =$A23 -> 22
... A59: 58 | B59: Malzeno | C59: Malzeno | D59: Malzeno | E59: =$A59 -> 58

Sheet Equipment
A1: id | B1: name | C1: set_name | D1: body_part | E1: body_part_name | F1: monster_name | G1: monster_id | H1: skill_slot | I1: weapon_low_level_alias | J1: weapon_attack | K1: weapon_affinity | L1: weapon_element_value | M1: weapon_element_type | N1: #dup_id
A2: 1 | B2: Leather Headgear | C2: Leather Set | D2: Helm | E2: Headgear | G2: =IF(ISNA(VLOOKUP(F2,Monster!B:E,4,FALSE)),0,VLOOKUP(F2,Monster!B:E,4,FALSE)) -> 0 | H2: 1 | N2: =$A2 -> 1
A3: 2 | B3: Leather Mail | C3: Leather Set | D3: Mail | E3: Mail | G3: =IF(ISNA(VLOOKUP(F3,Monster!B:E,4,FALSE)),0,VLOOKUP(F3,Monster!B:E,4,FALSE)) -> 0 | H3: 1 | N3: =$A3 -> 2
A4: 3 | B4: Leather Gloves | C4: Leather Set | D4: Vambraces | E4: Gloves | G4: =IF(ISNA(VLOOKUP(F4,Monster!B:E,4,FALSE)),0,VLOOKUP(F4,Monster!B:E,4,FALSE)) -> 0 | H4: 1 | N4: =$A4 -> 3
A5: 4 | B5: Leather Belt | C5: Leather Set | D5: Coil | E5: Belt | G5: =IF(ISNA(VLOOKUP(F5,Monster!B:E,4,FALSE)),0,VLOOKUP(F5,Monster!B:E,4,FALSE)) -> 0 | H5: 1 | N5: =$A5 -> 4
A6: 5 | B6: Leather Trousers | C6: Leather Set | D6: Greaves | E6: Trousers | G6: =IF(ISNA(VLOOKUP(F6,Monster!B:E,4,FALSE)),0,VLOOKUP(F6,Monster!B:E,4,FALSE)) -> 0 | H6: 1 | N6: =$A6 -> 5
A7: 6 | B7: Alloy Helm | C7: Alloy Set | D7: Helm | E7: Helm | G7: =IF(ISNA(VLOOKUP(F7,Monster!B:E,4,FALSE)),0,VLOOKUP(F7,Monster!B:E,4,FALSE)) -> 0 | H7: 1 | N7: =$A7 -> 6
A8: 7 | B8: Alloy Mail | C8: Alloy Set | D8: Mail | E8: Mail | G8: =IF(ISNA(VLOOKUP(F8,Monster!B:E,4,FALSE)),0,VLOOKUP(F8,Monster!B:E,4,FALSE)) -> 0 | H8: 1 | N8: =$A8 -> 7
A9: 8 | B9: Alloy Vambraces | C9: Alloy Set | D9: Vambraces | E9: Vambraces | G9: =IF(ISNA(VLOOKUP(F9,Monster!B:E,4,FALSE)),0,VLOOKUP(F9,Monster!B:E,4,FALSE)) -> 0 | H9: 1 | N9: =$A9 -> 8
A10: 9 | B10: Alloy Coil | C10: Alloy Set | D10: Coil | E10: Coil | G10: =IF(ISNA(VLOOKUP(F10,Monster!B:E,4,FALSE)),0,VLOOKUP(F10,Monster!B:E,4,FALSE)) -> 0 | H10: 1 | N10: =$A10 -> 9
A11: 10 | B11: Alloy Greaves | C11: Alloy Set | D11: Greaves | E11: Greaves | G11: =IF(ISNA(VLOOKUP(F11,Monster!B:E,4,FALSE)),0,VLOOKUP(F11,Monster!B:E,4,FALSE)) -> 0 | H11: 1 | N11: =$A11 -> 10
A12: 11 | B12: Jagras Helm | C12: Jagras Set | D12: Helm | E12: Helm | F12: Great Jagras | G12: =IF(ISNA(VLOOKUP(F12,Monster!B:E,4,FALSE)),0,VLOOKUP(F12,Monster!B:E,4,FALSE)) -> 1 | H12: 2 | N12: =$A12 -> 11
A13: 12 | B13: Jagras Mail | C13: Jagras Set | D13: Mail | E13: Mail | F13: Great Jagras | G13: =IF(ISNA(VLOOKUP(F13,Monster!B:E,4,FALSE)),0,VLOOKUP(F13,Monster!B:E,4,FALSE)) -> 1 | H13: 1 | N13: =$A13 -> 12
A14: 13 | B14: Jagras Vambraces | C14: Jagras Set | D14: Vambraces | E14: Vambraces | F14: Great Jagras | G14: =IF(ISNA(VLOOKUP(F14,Monster!B:E,4,FALSE)),0,VLOOKUP(F14,Monster!B:E,4,FALSE)) -> 1 | H14: 1 | N14: =$A14 -> 13
A15: 14 | B15: Jagras Coil | C15: Jagras Set | D15: Coil | E15: Coil | F15: Great Jagras | G15: =IF(ISNA(VLOOKUP(F15,Monster!B:E,4,FALSE)),0,VLOOKUP(F15,Monster!B:E,4,FALSE)) -> 1 | H15: 1 | N15: =$A15 -> 14
A16: 15 | B16: Jagras Greaves | C16: Jagras Set | D16: Greaves | E16: Greaves | F16: Great Jagras | G16: =IF(ISNA(VLOOKUP(F16,Monster!B:E,4,FALSE)),0,VLOOKUP(F16,Monster!B:E,4,FALSE)) -> 1 | H16: 1 | N16: =$A16 -> 15
A17: 16 | B17: Kulu Headpiece | C17: Kulu Set | D17: Helm | E17: Headpiece | F17: Kulu-Ya-Ku | G17: =IF(ISNA(VLOOKUP(F17,Monster!B:E,4,FALSE)),0,VLOOKUP(F17,Monster!B:E,4,FALSE)) -> 2 | H17: 1 | N17: =$A17 -> 16
A18: 17 | B18: Kulu Mail | C18: Kulu Set | D18: Mail | E18: Mail | F18: Kulu-Ya-Ku | G18: =IF(ISNA(VLOOKUP(F18,Monster!B:E,4,FALSE)),0,VLOOKUP(F18,Monster!B:E,4,FALSE)) -> 2 | H18: 2 | N18: =$A18 -> 17
A19: 18 | B19: Kulu Vambraces | C19: Kulu Set | D19: Vambraces | E19: Vambraces | F19: Kulu-Ya-Ku | G19: =IF(ISNA(VLOOKUP(F19,Monster!B:E,4,FALSE)),0,VLOOKUP(F19,Monster!B:E,4,FALSE)) -> 2 | H19: 1 | N19: =$A19 -> 18
A20: 19 | B20: Kulu Coil | C20: Kulu Set | D20: Coil | E20: Coil | F20: Kulu-Ya-Ku | G20: =IF(ISNA(VLOOKUP(F20,Monster!B:E,4,FALSE)),0,VLOOKUP(F20,Monster!B:E,4,FALSE)) -> 2 | H20: 2 | N20: =$A20 -> 19
A21: 20 | B21: Kulu Greaves | C21: Kulu Set | D21: Greaves | E21: Greaves | F21: Kulu-Ya-Ku | G21: =IF(ISNA(VLOOKUP(F21,Monster!B:E,4,FALSE)),0,VLOOKUP(F21,Monster!B:E,4,FALSE)) -> 2 | H21: 1 | N21: =$A21 -> 20
A22: 21 | B22: Pukei Hood | C22: Pukei Set | D22: Helm | E22: Helm | F22: Pukei-Pukei | G22: =IF(ISNA(VLOOKUP(F22,Monster!B:E,4,FALSE)),0,VLOOKUP(F22,Monster!B:E,4,FALSE)) -> 3 | H22: 1 | N22: =$A22 -> 21
A23: 22 | B23: Pukei Mail | C23: Pukei Set | D23: Mail | E23: Mail | F23: Pukei-Pukei | G23: =IF(ISNA(VLOOKUP(F23,Monster!B:E,4,FALSE)),0,VLOOKUP(F23,Monster!B:E,4,FALSE)) -> 3 | H23: 1 | N23: =$A23 -> 22
... A66: 65 | B66: Anja Greaves | C66: Anjanath Set | D66: Greaves | E66: Greaves | F66: Anjanath | G66: =IF(ISNA(VLOOKUP(F66,Monster!B:E,4,FALSE)),0,VLOOKUP(F66,Monster!B:E,4,FALSE)) -> 11 | H66: 1 | N66: =$A66 -> 65
A67: 61 | B67: Fulgur Helm | C67: Fulgur Set | D67: Helm | E67: Helm | F67: Fulgur Anjanath | G67: =IF(ISNA(VLOOKUP(F67,Monster!B:E,4,FALSE)),0,VLOOKUP(F67,Monster!B:E,4,FALSE)) -> 12 | H67: 1 | I67: =VLOOKUP(G67,Monster!A:E,4,FALSE) & " " & E67 -> Fulgur Helm | J67: =VLOOKUP(G67,Monster!A:E,3,FALSE) & " Set" -> Fulgur Set | N67: =$A67 -> 61
A68: 62 | B68: Fulgur Mail | C68: Fulgur Set | D68: Mail | E68: Mail | F68: Fulgur Anjanath | G68: =IF(ISNA(VLOOKUP(F68,Monster!B:E,4,FALSE)),0,VLOOKUP(F68,Monster!B:E,4,FALSE)) -> 12 | H68: 1 | I68: =VLOOKUP(G68,Monster!A:E,4,FALSE) & " " & E68 -> Fulgur Mail | J68: =VLOOKUP(G68,Monster!A:E,3,FALSE) & " Set" -> Fulgur Set | N68: =$A68 -> 62
A69: 63 | B69: Fulgur Vambraces | C69: Fulgur Set | D69: Vambraces | E69: Vambraces | F69: Fulgur Anjanath | G69: =IF(ISNA(VLOOKUP(F69,Monster!B:E,4,FALSE)),0,VLOOKUP(F69,Monster!B:E,4,FALSE)) -> 12 | H69: 1 | I69: =VLOOKUP(G69,Monster!A:E,4,FALSE) & " " & E69 -> Fulgur Vambraces | J69: =VLOOKUP(G69,Monster!A:E,3,FALSE) & " Set" -> Fulgur Set | N69: =$A69 -> 63
A70: 64 | B70: Fulgur Coil | C70: Fulgur Set | D70: Coil | E70: Coil | F70: Fulgur Anjanath | G70: =IF(ISNA(VLOOKUP(F70,Monster!B:E,4,FALSE)),0,VLOOKUP(F70,Monster!B:E,4,FALSE)) -> 12 | H70: 1 | I70: =VLOOKUP(G70,Monster!A:E,4,FALSE) & " " & E70 -> Fulgur Coil | J70: =VLOOKUP(G70,Monster!A:E,3,FALSE) & " Set" -> Fulgur Set | N70: =$A70 -> 64
A71: 65 | B71: Fulgur Greaves | C71: Fulgur Set | D71: Greaves | E71: Greaves | F71: Fulgur Anjanath | G71: =IF(ISNA(VLOOKUP(F71,Monster!B:E,4,FALSE)),0,VLOOKUP(F71,Monster!B:E,4,FALSE)) -> 12 | H71: 1 | I71: =VLOOKUP(G71,Monster!A:E,4,FALSE) & " " & E71 -> Fulgur Greaves | J71: =VLOOKUP(G71,Monster!A:E,3,FALSE) & " Set" -> Fulgur Set | N71: =$A71 -> 65
A72: 66 | B72: Rathian Helm | C72: Rathian Set | D72: Helm | E72: Helm | F72: Rathian | G72: =IF(ISNA(VLOOKUP(F72,Monster!B:E,4,FALSE)),0,VLOOKUP(F72,Monster!B:E,4,FALSE)) -> 13 | H72: 1 | N72: =$A72 -> 66
A73: 67 | B73: Rathian Mail | C73: Rathian Set | D73: Mail | E73: Mail | F73: Rathian | G73: =IF(ISNA(VLOOKUP(F73,Monster!B:E,4,FALSE)),0,VLOOKUP(F73,Monster!B:E,4,FALSE)) -> 13 | H73: 1 | N73: =$A73 -> 67
A74: 68 | B74: Rathian Vambraces | C74: Rathian Set | D74: Vambraces | E74: Vambraces | F74: Rathian | G74: =IF(ISNA(VLOOKUP(F74,Monster!B:E,4,FALSE)),0,VLOOKUP(F74,Monster!B:E,4,FALSE)) -> 13 | H74: 1 | N74: =$A74 -> 68
A75: 69 | B75: Rathian Coil | C75: Rathian Set | D75: Coil | E75: Coil | F75: Rathian | G75: =IF(ISNA(VLOOKUP(F75,Monster!B:E,4,FALSE)),0,VLOOKUP(F75,Monster!B:E,4,FALSE)) -> 13 | H75: 1 | N75: =$A75 -> 69
A76: 70 | B76: Rathian Greaves | C76: Rathian Set | D76: Greaves | E76: Greaves | F76: Rathian | G76: =IF(ISNA(VLOOKUP(F76,Monster!B:E,4,FALSE)),0,VLOOKUP(F76,Monster!B:E,4,FALSE)) -> 13 | H76: 2 | N76: =$A76 -> 70
A77: 71 | B77: Rath Heart Helm | C77: Pink Rathian Set | D77: Helm | E77: Helm | F77: Pink Rathian | G77: =IF(ISNA(VLOOKUP(F77,Monster!B:E,4,FALSE)),0,VLOOKUP(F77,Monster!B:E,4,FALSE)) -> 14 | H77: 1 | N77: =$A77 -> 71
A78: 72 | B78: Rath Heart Mail | C78: Pink Rathian Set | D78: Mail | E78: Mail | F78: Pink Rathian | G78: =IF(ISNA(VLOOKUP(F78,Monster!B:E,4,FALSE)),0,VLOOKUP(F78,Monster!B:E,4,FALSE)) -> 14 | H78: 1 | N78: =$A78 -> 72
A79: 73 | B79: Rath Heart Braces | C79: Pink Rathian Set | D79: Vambraces | E79: Braces | F79: Pink Rathian | G79: =IF(ISNA(VLOOKUP(F79,Monster!B:E,4,FALSE)),0,VLOOKUP(F79,Monster!B:E,4,FALSE)) -> 14 | H79: 1 | N79: =$A79 -> 73
A80: 74 | B80: Rath Heart Coil | C80: Pink Rathian Set | D80: Coil | E80: Coil | F80: Pink Rathian | G80: =IF(ISNA(VLOOKUP(F80,Monster!B:E,4,FALSE)),0,VLOOKUP(F80,Monster!B:E,4,FALSE)) -> 14 | H80: 1 | N80: =$A80 -> 74
A81: 75 | B81: Rath Heart Greaves | C81: Pink Rathian Set | D81: Greaves | E81: Greaves | F81: Pink Rathian | G81: =IF(ISNA(VLOOKUP(F81,Monster!B:E,4,FALSE)),0,VLOOKUP(F81,Monster!B:E,4,FALSE)) -> 14 | H81: 1 | N81: =$A81 -> 75
A82: 76 | B82: Golden Lunehelm | C82: Golden Lune Set | D82: Helm | E82: Helm | F82: Golden Rathian | G82: =IF(ISNA(VLOOKUP(F82,Monster!B:E,4,FALSE)),0,VLOOKUP(F82,Monster!B:E,4,FALSE)) -> 15 | H82: 1 | N82: =$A82 -> 76
A83: 77 | B83: Golden Lunemail | C83: Golden Lune Set | D83: Mail | E83: Mail | F83: Golden Rathian | G83: =IF(ISNA(VLOOKUP(F83,Monster!B:E,4,FALSE)),0,VLOOKUP(F83,Monster!B:E,4,FALSE)) -> 15 | H83: 1 | N83: =$A83 -> 77
... A221: 215 | B221: Tigrex Greaves | C221: Tigrex Set | D221: Greaves | E221: Greaves | F221: Tigrex | G221: =IF(ISNA(VLOOKUP(F221,Monster!B:E,4,FALSE)),0,VLOOKUP(F221,Monster!B:E,4,FALSE)) -> 42 | H221: 1 | N221: =$A221 -> 215
A222: 211 | B222: Rex Roar Helm | C222: Rex Roar Set | D222: Helm | E222: Helm | F222: Brute Tigrex | G222: =IF(ISNA(VLOOKUP(F222,Monster!B:E,4,FALSE)),0,VLOOKUP(F222,Monster!B:E,4,FALSE)) -> 43 | H222: 1 | I222: =VLOOKUP(G222,Monster!A:E,4,FALSE) & " " & E222 -> Rex Roar Helm | J222: =VLOOKUP(G222,Monster!A:E,3,FALSE) & " Set" -> Rex Roar Set | N222: =$A222 -> 211
A223: 212 | B223: Rex Roar Mail | C223: Rex Roar Set | D223: Mail | E223: Mail | F223: Brute Tigrex | G223: =IF(ISNA(VLOOKUP(F223,Monster!B:E,4,FALSE)),0,VLOOKUP(F223,Monster!B:E,4,FALSE)) -> 43 | H223: 1 | I223: =VLOOKUP(G223,Monster!A:E,4,FALSE) & " " & E223 -> Rex Roar Mail | J223: =VLOOKUP(G223,Monster!A:E,3,FALSE) & " Set" -> Rex Roar Set | N223: =$A223 -> 212
A224: 213 | B224: Rex Roar Vambraces | C224: Rex Roar Set | D224: Vambraces | E224: Vambraces | F224: Brute Tigrex | G224: =IF(ISNA(VLOOKUP(F224,Monster!B:E,4,FALSE)),0,VLOOKUP(F224,Monster!B:E,4,FALSE)) -> 43 | H224: 2 | I224: =VLOOKUP(G224,Monster!A:E,4,FALSE) & " " & E224 -> Rex Roar Vambraces | J224: =VLOOKUP(G224,Monster!A:E,3,FALSE) & " Set" -> Rex Roar Set | N224: =$A224 -> 213
A225: 214 | B225: Rex Roar Coil | C225: Rex Roar Set | D225: Coil | E225: Coil | F225: Brute Tigrex | G225: =IF(ISNA(VLOOKUP(F225,Monster!B:E,4,FALSE)),0,VLOOKUP(F225,Monster!B:E,4,FALSE)) -> 43 | H225: 1 | I225: =VLOOKUP(G225,Monster!A:E,4,FALSE) & " " & E225 -> Rex Roar Coil | J225: =VLOOKUP(G225,Monster!A:E,3,FALSE) & " Set" -> Rex Roar Set | N225: =$A225 -> 214
A226: 215 | B226: Rex Roar Greaves | C226: Rex Roar Set | D226: Greaves | E226: Greaves | F226: Brute Tigrex | G226: =IF(ISNA(VLOOKUP(F226,Monster!B:E,4,FALSE)),0,VLOOKUP(F226,Monster!B:E,4,FALSE)) -> 43 | H226: 1 | I226: =VLOOKUP(G226,Monster!A:E,4,FALSE) & " " & E226 -> Rex Roar Greaves | J226: =VLOOKUP(G226,Monster!A:E,3,FALSE) & " Set" -> Rex Roar Set | N226: =$A226 -> 215
A227: 216 | B227: Kirin Horn | C227: Kirin Set | D227: Helm | E227: Horn | F227: Kirin | G227: =IF(ISNA(VLOOKUP(F227,Monster!B:E,4,FALSE)),0,VLOOKUP(F227,Monster!B:E,4,FALSE)) -> 44 | H227: 1 | N227: =$A227 -> 216
A228: 217 | B228: Kirin Jacket | C228: Kirin Set | D228: Mail | E228: Jacket | F228: Kirin | G228: =IF(ISNA(VLOOKUP(F228,Monster!B:E,4,FALSE)),0,VLOOKUP(F228,Monster!B:E,4,FALSE)) -> 44 | H228: 1 | N228: =$A228 -> 217
A229: 218 | B229: Kirin Longarms | C229: Kirin Set | D229: Vambraces | E229: Longarms | F229: Kirin | G229: =IF(ISNA(VLOOKUP(F229,Monster!B:E,4,FALSE)),0,VLOOKUP(F229,Monster!B:E,4,FALSE)) -> 44 | H229: 1 | N229: =$A229 -> 218
A230: 219 | B230: Kirin Hoop | C230: Kirin Set | D230: Coil | E230: Hoop | F230: Kirin | G230: =IF(ISNA(VLOOKUP(F230,Monster!B:E,4,FALSE)),0,VLOOKUP(F230,Monster!B:E,4,FALSE)) -> 44 | H230: 1 | N230: =$A230 -> 219
A231: 220 | B231: Kirin Leg Guards | C231: Kirin Set | D231: Greaves | E231: Leg Guards | F231: Kirin | G231: =IF(ISNA(VLOOKUP(F231,Monster!B:E,4,FALSE)),0,VLOOKUP(F231,Monster!B:E,4,FALSE)) -> 44 | H231: 1 | N231: =$A231 -> 220
A232: 221 | B232: Bazelgeuse Helm | C232: Bazelgeuse Set | D232: Helm | E232: Helm | F232: Bazelgeuse | G232: =IF(ISNA(VLOOKUP(F232,Monster!B:E,4,FALSE)),0,VLOOKUP(F232,Monster!B:E,4,FALSE)) -> 45 | H232: 1 | N232: =$A232 -> 221
A233: 222 | B233: Bazelgeuse Mail | C233: Bazelgeuse Set | D233: Mail | E233: Mail | F233: Bazelgeuse | G233: =IF(ISNA(VLOOKUP(F233,Monster!B:E,4,FALSE)),0,VLOOKUP(F233,Monster!B:E,4,FALSE)) -> 45 | H233: 1 | N233: =$A233 -> 222
A234: 223 | B234: Bazelgeuse Vambraces | C234: Bazelgeuse Set | D234: Vambraces | E234: Vambraces | F234: Bazelgeuse | G234: =IF(ISNA(VLOOKUP(F234,Monster!B:E,4,FALSE)),0,VLOOKUP(F234,Monster!B:E,4,FALSE)) -> 45 | H234: 1 | N234: =$A234 -> 223
A235: 224 | B235: Bazelgeuse Coil | C235: Bazelgeuse Set | D235: Coil | E235: Coil | F235: Bazelgeuse | G235: =IF(ISNA(VLOOKUP(F235,Monster!B:E,4,FALSE)),0,VLOOKUP(F235,Monster!B:E,4,FALSE)) -> 45 | H235: 1 | N235: =$A235 -> 224
A236: 225 | B236: Bazelgeuse Greaves | C236: Bazelgeuse Set | D236: Greaves | E236: Greaves | F236: Bazelgeuse | G236: =IF(ISNA(VLOOKUP(F236,Monster!B:E,4,FALSE)),0,VLOOKUP(F236,Monster!B:E,4,FALSE)) -> 45 | H236: 1 | N236: =$A236 -> 225
A237: 226 | B237: Chatacabra Helm | C237: Chatacabra Set | D237: Helm | E237: Helm | F237: Chatacabra | G237: =IF(ISNA(VLOOKUP(F237,Monster!B:E,4,FALSE)),0,VLOOKUP(F237,Monster!B:E,4,FALSE)) -> 46 | H237: 1 | N237: =$A237 -> 226
A238: 227 | B238: Chatacabra Mail | C238: Chatacabra Set | D238: Mail | E238: Mail | F238: Chatacabra | G238: =IF(ISNA(VLOOKUP(F238,Monster!B:E,4,FALSE)),0,VLOOKUP(F238,Monster!B:E,4,FALSE)) -> 46 | H238: 1 | N238: =$A238 -> 227
... A251: 240 | B251: Glavenus Greaves | C251: Glavenus Set | D251: Greaves | E251: Greaves | F251: Glavenus | G251: =IF(ISNA(VLOOKUP(F251,Monster!B:E,4,FALSE)),0,VLOOKUP(F251,Monster!B:E,4,FALSE)) -> 48 | H251: 1 | N251: =$A251 -> 240
A252: 241 | B252: Mizuha Cap | C252: Mizuha Set | D252: Helm | E252: Cap | F252: Chameleos | G252: =IF(ISNA(VLOOKUP(F252,Monster!B:E,4,FALSE)),0,VLOOKUP(F252,Monster!B:E,4,FALSE)) -> 49 | H252: 1 | I252: =VLOOKUP(G252,Monster!A:E,4,FALSE) & " " & E252 -> Mizuha Cap | J252: =VLOOKUP(G252,Monster!A:E,3,FALSE) & " Set" -> Mizuha Set
A253: 242 | B253: Mizuha Guards | C253: Mizuha Set | D253: Mail | E253: Guards | F253: Chameleos | G253: =IF(ISNA(VLOOKUP(F253,Monster!B:E,4,FALSE)),0,VLOOKUP(F253,Monster!B:E,4,FALSE)) -> 49 | H253: 1 | I253: =VLOOKUP(G253,Monster!A:E,4,FALSE) & " " & E253 -> Mizuha Guards | J253: =VLOOKUP(G253,Monster!A:E,3,FALSE) & " Set" -> Mizuha Set
A254: 243 | B254: Mizuha Sleeves | C254: Mizuha Set | D254: Vambraces | E254: Sleeves | F254: Chameleos | G254: =IF(ISNA(VLOOKUP(F254,Monster!B:E,4,FALSE)),0,VLOOKUP(F254,Monster!B:E,4,FALSE)) -> 49 | H254: 1 | I254: =VLOOKUP(G254,Monster!A:E,4,FALSE) & " " & E254 -> Mizuha Sleeves | J254: =VLOOKUP(G254,Monster!A:E,3,FALSE) & " Set" -> Mizuha Set
A255: 244 | B255: Mizuha Sash | C255: Mizuha Set | D255: Coil | E255: Sash | F255: Chameleos | G255: =IF(ISNA(VLOOKUP(F255,Monster!B:E,4,FALSE)),0,VLOOKUP(F255,Monster!B:E,4,FALSE)) -> 49 | H255: 1 | I255: =VLOOKUP(G255,Monster!A:E,4,FALSE) & " " & E255 -> Mizuha Sash | J255: =VLOOKUP(G255,Monster!A:E,3,FALSE) & " Set" -> Mizuha Set
A256: 245 | B256: Mizuha Gaiters | C256: Mizuha Set | D256: Greaves | E256: Gaiters | F256: Chameleos | G256: =IF(ISNA(VLOOKUP(F256,Monster!B:E,4,FALSE)),0,VLOOKUP(F256,Monster!B:E,4,FALSE)) -> 49 | H256: 1 | I256: =VLOOKUP(G256,Monster!A:E,4,FALSE) & " " & E256 -> Mizuha Gaiters | J256: =VLOOKUP(G256,Monster!A:E,3,FALSE) & " Set" -> Mizuha Set
A257: 246 | B257: Wroggi Helm | C257: Wroggi Set | D257: Helm | E257: Helm | F257: Great Wroggi | G257: =IF(ISNA(VLOOKUP(F257,Monster!B:E,4,FALSE)),0,VLOOKUP(F257,Monster!B:E,4,FALSE)) -> 50 | H257: 2 | I257: =VLOOKUP(G257,Monster!A:E,4,FALSE) & " " & E257 -> Wroggi Helm | J257: =VLOOKUP(G257,Monster!A:E,3,FALSE) & " Set" -> Wroggi Set
A258: 247 | B258: Wroggi Mail | C258: Wroggi Set | D258: Mail | E258: Mail | F258: Great Wroggi | G258: =IF(ISNA(VLOOKUP(F258,Monster!B:E,4,FALSE)),0,VLOOKUP(F258,Monster!B:E,4,FALSE)) -> 50 | H258: 1 | I258: =VLOOKUP(G258,Monster!A:E,4,FALSE) & " " & E258 -> Wroggi Mail | J258: =VLOOKUP(G258,Monster!A:E,3,FALSE) & " Set" -> Wroggi Set
A259: 248 | B259: Wroggi Vambraces | C259: Wroggi Set | D259: Vambraces | E259: Vambraces | F259: Great Wroggi | G259: =IF(ISNA(VLOOKUP(F259,Monster!B:E,4,FALSE)),0,VLOOKUP(F259,Monster!B:E,4,FALSE)) -> 50 | H259: 1 | I259: =VLOOKUP(G259,Monster!A:E,4,FALSE) & " " & E259 -> Wroggi Vambraces | J259: =VLOOKUP(G259,Monster!A:E,3,FALSE) & " Set" -> Wroggi Set
A260: 249 | B260: Wroggi Coil | C260: Wroggi Set | D260: Coil | E260: Coil | F260: Great Wroggi | G260: =IF(ISNA(VLOOKUP(F260,Monster!B:E,4,FALSE)),0,VLOOKUP(F260,Monster!B:E,4,FALSE)) -> 50 | H260: 2 | I260: =VLOOKUP(G260,Monster!A:E,4,FALSE) & " " & E260 -> Wroggi Coil | J260: =VLOOKUP(G260,Monster!A:E,3,FALSE) & " Set" -> Wroggi Set
A261: 250 | B261: Wroggi Greaves | C261: Wroggi Set | D261: Greaves | E261: Greaves | F261: Great Wroggi | G261: =IF(ISNA(VLOOKUP(F261,Monster!B:E,4,FALSE)),0,VLOOKUP(F261,Monster!B:E,4,FALSE)) -> 50 | H261: 1 | I261: =VLOOKUP(G261,Monster!A:E,4,FALSE) & " " & E261 -> Wroggi Greaves | J261: =VLOOKUP(G261,Monster!A:E,3,FALSE) & " Set" -> Wroggi Set
A262: 251 | B262: Bishaten Helm | C262: Bishaten Set | D262: Helm | E262: Helm | F262: Bishaten | G262: =IF(ISNA(VLOOKUP(F262,Monster!B:E,4,FALSE)),0,VLOOKUP(F262,Monster!B:E,4,FALSE)) -> 51 | H262: 1 | I262: =VLOOKUP(G262,Monster!A:E,4,FALSE) & " " & E262 -> Bishaten Helm | J262: =VLOOKUP(G262,Monster!A:E,3,FALSE) & " Set" -> Bishaten Set
A263: 252 | B263: Bishaten Mail | C263: Bishaten Set | D263: Mail | E263: Mail | F263: Bishaten | G263: =IF(ISNA(VLOOKUP(F263,Monster!B:E,4,FALSE)),0,VLOOKUP(F263,Monster!B:E,4,FALSE)) -> 51 | H263: 1 | I263: =VLOOKUP(G263,Monster!A:E,4,FALSE) & " " & E263 -> Bishaten Mail | J263: =VLOOKUP(G263,Monster!A:E,3,FALSE) & " Set" -> Bishaten Set
... A301: 290 | B301: Malzeno Greaves | C301: Malzeno Set | D301: Greaves | E301: Greaves | F301: Malzeno | G301: =IF(ISNA(VLOOKUP(F301,Monster!B:E,4,FALSE)),0,VLOOKUP(F301,Monster!B:E,4,FALSE)) -> 58 | H301: 1 | I301: =VLOOKUP(G301,Monster!A:E,4,FALSE) & " " & E301 -> Malzeno Greaves | J301: =VLOOKUP(G301,Monster!A:E,3,FALSE) & " Set" -> Malzeno Set
A302: 801 | B302: Jack-o'-Head | C302: Halloween Set | D302: Helm | E302: Head | G302: =IF(ISNA(VLOOKUP(F302,Monster!B:E,4,FALSE)),0,VLOOKUP(F302,Monster!B:E,4,FALSE)) -> 0 | H302: 1 | N302: =$A302 -> 801
A303: 802 | B303: Ghost Balloon | C303: Halloween 2024 Set | D303: Coil | E303: Balloon | G303: =IF(ISNA(VLOOKUP(F303,Monster!B:E,4,FALSE)),0,VLOOKUP(F303,Monster!B:E,4,FALSE)) -> 0 | H303: 1 | N303: =$A303 -> 802
A304: 803 | B304: Dragon Dance Mask | C304: Lunar New Year Set | D304: Helm | E304: Mask | G304: =IF(ISNA(VLOOKUP(F304,Monster!B:E,4,FALSE)),0,VLOOKUP(F304,Monster!B:E,4,FALSE)) -> 0 | H304: 1 | N304: =$A304 -> 803
A305: 804 | B305: Bunny Head | C305: Bunny Head | D305: Helm | E305: Head | F305: Lagombi | G305: =IF(ISNA(VLOOKUP(F305,Monster!B:E,4,FALSE)),0,VLOOKUP(F305,Monster!B:E,4,FALSE)) -> 39 | H305: 1
A306: 805 | B306: Swimmer Goggles | C306: Swimmer Set | D306: Helm | E306: Goggles | F306: Arzuros | G306: =IF(ISNA(VLOOKUP(F306,Monster!B:E,4,FALSE)),0,VLOOKUP(F306,Monster!B:E,4,FALSE)) -> 47 | H306: 1
A307: 806 | B307: Swimmer Inflatable | C307: Swimmer Set | D307: Coil | E307: Inflatable | F307: Arzuros | G307: =IF(ISNA(VLOOKUP(F307,Monster!B:E,4,FALSE)),0,VLOOKUP(F307,Monster!B:E,4,FALSE)) -> 47 | H307: 1
A308: 807 | B308: Swimmer Flippers | C308: Swimmer Set | D308: Greaves | E308: Flippers | F308: Arzuros | G308: =IF(ISNA(VLOOKUP(F308,Monster!B:E,4,FALSE)),0,VLOOKUP(F308,Monster!B:E,4,FALSE)) -> 47 | H308: 1

Sheet Skill
A1: id | B1: name | C1: max_level | E1: Lv.1 | F1: Lv.2 | G1: Lv.3 | H1: Lv.4 | I1: Lv.5
B2: Advanced Attack Boost | C2: 2 | E2: Increases attack power by 150 when Attack Boost Lv5+ is active. | F2: Increases attack power by 350 when Attack Boost Lv5+ is active.
B3: Aggressive Dodger | C3: 5 | E3: Any attack performed following a perfect evade has its damage increased by 20%. | F3: Any attack performed following a perfect evade has its damage increased by 30%. | G3: Any attack performed following a perfect evade has its damage increased by 40%. | H3: Any attack performed following a perfect evade has its damage increased by 50%. | I3: Any attack performed following a perfect evade has its damage increased by 60%.
B4: Artful Dodger | C4: 5 | E4: Makes perfect evades ever so slightly easier to perform. | F4: Makes perfect evades slightly easier to perform. | G4: Makes perfect evades moderately easier to perform. | H4: Makes perfect evades much easier to perform. | I4: Makes perfect evades significantly easier to perform.
B5: Artillery | C5: 5 | E5: Increases damage of gunlance's Shelling/Wyvern's Fire, charge blades's phial attacks, sticky ammo, and wyvern ammo by 10%. | F5: Increases damage of gunlance's ammo/Wyvern's Fire attacks, charge blade's phial attacks, and sticky ammo by 15% | G5: Increases damage of gunlance's Shelling/Wyvern's Fire, charge blades's phial attacks, sticky ammo, and wyvern ammo by 20%. Increases gunlance's ammo and charge blade's phial amount by 1. | H5: Increases damage of gunlance's Shelling/Wyvern's Fire, charge blades's phial attacks, sticky ammo, and wyvern ammo by 30%. Increases gunlance's ammo and charge blade's phial amount by 1. | I5: Increases damage of gunlance's Shelling/Wyvern's Fire, charge blades's phial attacks, sticky ammo, and wyvern ammo by 40%. Increases gunlance's ammo and charge blade's phial amount by 1.
B6: Attack Boost | C6: 5 | E6: Increases attack power by 20. | F6: Increases attack power by 40. | G6: Increases attack power by 60. | H6: Increases attack power by 80. | I6: Increases attack power by 120.
B7: Ballistics | C7: 3 | E7: Slightly increases the Critical Range of your ammo/arrows. | F7: Moderately increases the Critical Range of your ammo/arrows. | G7: Significantly increases the Critical Range of your ammo/arrows.
B8: Balloon Charge | C8: 1 | E8: Whenever you charge up an attack/Special Skill to the max, your weapon will expand, increasing damage.
B9: Blast Attack | C9: 5 | E9: Increase weapon's blast buildup value by 50. | F9: Increase weapon's blast buildup value by 75. | G9: Increase weapon's blast buildup value by 100. | H9: Increase weapon's blast buildup value by 125. | I9: Increase weapon's blast buildup value by 150.
B10: Blast Resistance | C10: 3 | E10: 30% chance of preventing blastblight status when damaged by a blast element attack | F10: 60% chance of preventing blastblight status when damaged by a blast element attack | G10: Prevents blastblight
B11: Bleeding Edge | C11: 3 | E11: Reduces damage received from bleeding. | F11: In addition to the effects of Lv1, increases affinity by 50% when bleeding. | G11: In addition to the effects of Lv2, grants bleeding status both at the start of a hunt and after performing multiple actions.
B12: Bleeding Resistance | C12: 3 | E12: 30% chance of preventing bleeding status when damaged by a bleeding-inducing attack. | F12: 60% chance of preventing bleeding status when damaged by a bleeding-inducing attack. | G12: Prevents bleeding.
B13: Blunt Force | C13: 5 | E13: Increases the damage of the hammer's Charged Attack and the hunting horn's Echo Attack by 15%. | F13: Increases the damage of the hammer's Charged Attack and the hunting horn's Echo Attack by 25%. | G13: Increases the damage of the hammer's Charged Attack and the hunting horn's Echo Attack by 40%. | H13: Increases the damage of the hammer's Charged Attack and the hunting horn's Echo Attack by 55%. | I13: Increases the damage of the hammer's Charged Attack and the hunting horn's Echo Attack by 70%.
B14: Bubbly Dance | C14: 3 | E14: Reduces the effects of bubbleblight. | F14: Reduces the effects of bubbleblight and makes it easier to perform well-times evades. | G14: In addition to the effects of Lv2, grants bubbleblight status after performing an evasive action multiple times.
B15: Buildup Boost | C15: 5 | E15: Increases damage by 10% if poison/paralysis/sleep/blast buildup occurs when hitting a monster. | F15: Increases damage by 20% if poison/paralysis/sleep/blast buildup occurs when hitting a monster. | G15: Increases damage by 30% if poison/paralysis/sleep/blast buildup occurs when hitting a monster. | H15: Increases damage by 40% if poison/paralysis/sleep/blast buildup occurs when hitting a monster. | I15: Increases damage by 50% if poison/paralysis/sleep/blast buildup occurs when hitting a monster.
B16: Burst | C16: 5 | E16: Landing consecutive hits in a short span of time increases attack power by 5% for 4 seconds. | F16: Landing consecutive hits in a short span of time increases attack power by 10% for 4 seconds. | G16: Landing consecutive hits in a short span of time increases attack power by 15% for 4 seconds. | H16: Landing consecutive hits in a short span of time increases attack power by 20% for 4 seconds. | I16: Landing consecutive hits in a short span of time increases attack power by 30% for 4 seconds.
B17: Chameleos Venomist | C17: 3 | E17: Halves poison/venom status duration, and makes it slightly easier to build up poison status on a monster. | F17: Halves poison/venom status duration, and makes it moderately easier to build up poison status on a monster. | G17: Halves poison/venom status duration, and makes it significantly easier to build up poison status on a monster.
B18: Concentration | C18: 5 | E18: Increases Special Gauge fill rate by 5%. | F18: Increases Special Gauge fill rate by 10%. | G18: Increases Special Gauge fill rate by 15%. | H18: Increases Special Gauge fill rate by 20%. | I18: Increases Special Gauge fill rate by 30%.
B19: Critical Boost | C19: 5 | E19: Increases the damage multiplier of critical hits to 130%. | F19: Increases the damage multiplier of critical hits to 135%. | G19: Increases the damage multiplier of critical hits to 140%. | H19: Increases the damage multiplier of critical hits to 145%. | I19: Increases the damage multiplier of critical hits to 150%.
B20: Critical Element | C20: 5 | E20: Weapon's elemental attack power increases by 30% when landing a critical hit. | F20: Weapon's elemental attack power increases by 40% when landing a critical hit. | G20: Weapon's elemental attack power increases by 50% when landing a critical hit. | H20: Weapon's elemental attack power increases by 60% when landing a critical hit. | I20: Weapon's elemental attack power increases by 80% when landing a critical hit.
B21: Critical Eye | C21: 5 | E21: Increases affinity by 10%. | F21: Increases affinity by 15%. | G21: Increases affinity by 20%. | H21: Increases affinity by 30%. | I21: Increases affinity by 40%.
B22: Critical Ferocity | C22: 5 | E22: Reduces weapon's affinity by 10%, but grants a small chance of increasing negative affinity damage to 150%. | F22: Reduces weapon's affinity by 15%, but grants a small chance of increasing negative affinity damage to 175%. | G22: Reduces weapon's affinity by 20%, but grants a small chance of increasing negative affinity damage to 200%. | H22: Reduces weapon's affinity by 25%, but grants a small chance of increasing negative affinity damage to 225%. | I22: Reduces weapon's affinity by 30%, but grants a small chance of increasing negative affinity damage to 250%.
B23: Dauntless | C23: 5 | E23: Damage Increases by 5% for 6 seconds after performing a forward evasion. | F23: Damage Increases by 10% for 6 seconds after performing a forward evasion. | G23: Damage Increases by 15% for 6 seconds after performing a forward evasion. | H23: Damage Increases by 20% for 8 seconds after performing a forward evasion. | I23: Damage Increases by 25% for 10 seconds after performing a forward evasion.
B24: Defense Boost | C24: 5 | E24: Increases defense by 20. | F24: Increases defense by 40. | G24: Increases defense by 60. | H24: Increases defense by 80. | I24: Increases defense by 100.
B25: Defensive Loading | C25: 3 | E25: Reloads phial/ammo of charge blade/gunlance/heavy bowgun by 1 after guarding against a monster's attack. | F25: Reloads phial/ammo of charge blade/gunlance/heavy bowgun by 2 after guarding against a monster's attack. | G25: Reloads phial/ammo of charge blade/gunlance/heavy bowgun by 3 after guarding against a monster's attack.
B26: Divine Blessing | C26: 5 | E26: 30% chance of reducing damage from a monster's attack by 50%. | F26: 40% chance of reducing damage from a monster's attack by 50%. | G26: 50% chance of reducing damage from a monster's attack by 50%. | H26: 50% chance of reducing damage from a monster's attack by 60%. | I26: 50% chance of reducing damage from a monster's attack by 80%.
B27: Dragon Attack | C27: 5 | E27: Increases weapon's dragon-element value by 50. | F27: Increases weapon's dragon-element value by 100. | G27: Increases weapon's dragon-element value by 200. | H27: Increases weapon's dragon-element value by 350. | I27: Increases weapon's dragon-element value by 500.
B28: Earplugs | C28: 5 | E28: Slightly reduces the effects of weak monster roars. | F28: Moderately reduces the effects of weak monster roars. | G28: Nullifies the effects of weak monster roars, and slightly reduces the effects of strong monster roars. | H28: Nullifies the effects of weak monster roars, and moderately reduces the effects of strong monster roars. | I28: Nullifies the effects of both weak and strong monster roars.
B29: Evade Extender | C29: 5 | E29: Very slightly extends evasion distance. | F29: Slightly extends evasion distance. | G29: Moderately extends evasion distance. | H29: Greatly extends evasion distance. | I29: Massively extends evasion distance.
B30: Evading Reload | C30: 3 | E30: Grants a 30% chance of phials/ammo being refilled by 1 when evading while equipped with a gunlance, charge blade, light bowgun or heavy bowgun. | F30: Grants a 50% chance of phials/ammo being refilled by 1 when evading while equipped with a gunlance, charge blade, light bowgun or heavy bowgun. | G30: Grants a 50% chance of phials/ammo being refilled by 2 when evading while equipped with a gunlance, charge blade, light bowgun or heavy bowgun.
B31: Evasive Concentration | C31: 5 | E31: Fills Special Gauge by 7% after performing a perfect evade. | F31: Fills Special Gauge by 10% after performing a perfect evade. | G31: Fills Special Gauge by 12% after performing a perfect evade. | H31: Fills Special Gauge by 15% after performing a perfect evade. | I31: Fills Special Gauge by 20% after performing a perfect evade.
B32: Fighting Spirit | C32: 5 | E32: When the Special Gauge becomes full, damage dealt increases by 10% for 20 seconds. | F32: When the Special Gauge becomes full, damage dealt increases by 15% for 20 seconds. | G32: When the Special Gauge becomes full, damage dealt increases by 20% for 20 seconds. | H32: When the Special Gauge becomes full, damage dealt increases by 25% for 20 seconds. | I32: When the Special Gauge becomes full, damage dealt increases by 30% for 20 seconds.
B33: Final Shot | C33: 5 | E33: Increases the damage of the last remaining ammo/phial by 10% when using a gunlance, charge blade, light bowgun or heavy bowgun. | F33: Increases the damage of the last remaining ammo/phial by 20% when using a gunlance, charge blade, light bowgun or heavy bowgun. | G33: Increases the damage of the last remaining ammo/phial by 35% when using a gunlance, charge blade, light bowgun or heavy bowgun. | H33: Increases the damage of the last remaining ammo/phial by 45% when using a gunlance, charge blade, light bowgun or heavy bowgun. | I33: Increases the damage of the last remaining ammo/phial by 60% when using a gunlance, charge blade, light bowgun or heavy bowgun.
B34: Fire Attack | C34: 5 | E34: Increases weapon's fire-element value by 50. | F34: Increases weapon's fire-element value by 100. | G34: Increases weapon's fire-element value by 200. | H34: Increases weapon's fire-element value by 350. | I34: Increases weapon's fire-element value by 500.
B35: Fire Resistance | C35: 3 | E35: Decreases damage from fire-element monsters by 15%. | F35: Decreases damage from fire-element monsters by 30%. | G35: Decreases damage from fire-element monsters by 50%.
B36: Firm Foothold | C36: 3 | E36: Very slightly reduces knockback when taking damage. | F36: Slightly reduces knockback when taking damage. | G36: Moderately reduces knockback when taking damage.
B37: Focus | C37: 5 | E37: Shortens charging time for weapons with charge attacks by 5%, and increases the fill rate of the Spirit Gauge by 5%. | F37: Shortens charging time for weapons with charge attacks by 10%, and increases the fill rate of the Spirit Gauge by 10%. | G37: Shortens charging time for weapons with charge attacks by 15%, and increases the fill rate of the Spirit Gauge by 15%. | H37: Shortens charging time for weapons with charge attacks by 20%, and increases the fill rate of the Spirit Gauge by 20%. | I37: Shortens charging time for weapons with charge attacks by 30%, and increases the fill rate of the Spirit Gauge by 30%.
B38: Fortify | C38: 5 | E38: Increases attack power by 10% for 10 seconds each time you revive after fainting during a hunt. | F38: Increases attack power by 15% for 10 seconds each time you revive after fainting during a hunt. | G38: Increases attack power by 20% for 10 seconds each time you revive after fainting during a hunt. | H38: Increases attack power by 30% for 10 seconds each time you revive after fainting during a hunt. | I38: Increases attack power by 40% for 10 seconds each time you revive after fainting during a hunt.
B39: Guard | C39: 5 | E39: Very slightly reduces damage and knockback when guarding against monster attacks. | F39: Slightly reduces damage and knockback when guarding against monster attacks. | G39: Moderately reduces damage and knockback when guarding against monster attacks. | H39: Greatly reduces damage and knockback when guarding against monster attacks. | I39: Massively reduces damage and knockback when guarding against monster attacks.
B40: Guard Up | C40: 1 | E40: Allows you to guard against attacks that usually cannot be blocked.
B41: Guts | C41: 5 | E41: Up to 1 time per hunt, survive lethal damage taken at 80 health or above. | F41: Up to 1 time per hunt, survive lethal damage taken at 70 health or above. | G41: Up to 1 time per hunt, survive lethal damage taken at 60 health or above. | H41: Up to 1 time per hunt, survive lethal damage taken at 50 health or above. | I41: Up to 1 time per hunt, survive lethal damage taken at 40 health or above.
B42: Health Boost | C42: 5 | E42: Increases health by 10. | F42: Increases health by 20. | G42: Increases health by 30. | H42: Increases health by 40. | I42: Increases health by 50.
B43: Hellfire Cloak | C43: 3 | E43: Inflict yourself with hellfireblight at the start of a hunt, or when a certain amount of damage is dealt to a monster. | F43: In addition to the effects of Lv1, decreases your defense by 50 and increases your attack power by 150 while inflicted with hellfireblight | G43: In addition to the effects of Lv1, decreases your defense by 100 and increases your attack power by 250 while inflicted with hellfireblight
B44: Heroics | C44: 5 | E44: Increases attack power by 10% when your health drops to 29% or lower. | F44: Increases attack power by 20% when your health drops to 29% or lower. | G44: Increases attack power by 30% when your health drops to 29% or lower. | H44: Increases attack power by 40% when your health drops to 29% or lower. | I44: Increases attack power by 50% when your health drops to 29% or lower.
B45: Hunter's Unity | C45: 1 | E45: Increases attack power relative to the number of fellow hunters with this skill activated.
B46: Ice Attack | C46: 5 | E46: Increases weapon's ice-element value by 50. | F46: Increases weapon's ice-element value by 100. | G46: Increases weapon's ice-element value by 200. | H46: Increases weapon's ice-element value by 350. | I46: Increases weapon's ice-element value by 500.
B47: Ice Resistance | C47: 3 | E47: Decreases damage from ice-element monsters by 15%. | F47: Decreases damage from ice-element monsters by 30%. | G47: Decreases damage from ice-element monsters by 50%.
B48: Kirin Flashstorm | C48: 3 | E48: Makes it easier to get rid of paralysis and increases thunder element attack power by 10%. | F48: Makes it easier to get rid of paralysis and increases thunder element attack power by 15%. | G48: Makes it easier to get rid of paralysis and increases thunder element attack power by 20%.
B49: Kushala Frostwind | C49: 3 | E49: Reduces the effects of wind pressure/dragon wind pressure, and increases ice element attack power by 10%. | F49: Reduces the effects of wind pressure/dragon wind pressure, and increases ice element attack power by 15%. | G49: Reduces the effects of wind pressure/dragon wind pressure, and increases ice element attack power by 25%.
B50: Last Stand | C50: 5 | E50: Increases defense by 50 when your health drops to 29% or lower. | F50: Increases defense by 100 when your health drops to 29% or lower. | G50: Increases defense by 150 when your health drops to 29% or lower. | H50: Increases defense by 200 when your health drops to 29% or lower. | I50: Increases defense by 300 when your health drops to 29% or lower.
B51: Latent Power | C51: 5 | E51: Affinity raised by 20% and Special Gauge fill rate increased by 10% when certain conditions are met. | F51: Affinity raised by 30% and Special Gauge fill rate increased by 20% when certain conditions are met. | G51: Affinity raised by 40% and Special Gauge fill rate increased by 30% when certain conditions are met. | H51: Affinity raised by 50% and Special Gauge fill rate increased by 40% when certain conditions are met. | I51: Affinity raised by 60% and Special Gauge fill rate increased by 50% when certain conditions are met.
B52: Litheness | C52: 3 | E52: After evading, the next time damage is received, it is reduced by 20% (up to 3 times per hunt). | F52: After evading, the next time damage is received, it is reduced by 25% (up to 3 times per hunt). | G52: After evading, the next time damage is received, it is reduced by 30% (up to 3 times per hunt).
B53: Lock On | C53: 1 | E53: Displays a lock-on button while hunting with a close-range weapon, allowing a specific monster body part to be targeted.
B54: Morph Boost | C54: 5 | E54: Increases damage by 5% for 10 seconds after morphing a switch axe or charge blade | F54: Increases damage by 10% for 10 seconds after morphing a switch axe or charge blade | G54: Increases damage by 15% for 10 seconds after morphing a switch axe or charge blade | H54: Increases damage by 20% for 10 seconds after morphing a switch axe or charge blade | I54: Increases damage by 25% for 10 seconds after morphing a switch axe or charge blade
B55: MrBeast Challenge! | C55: 1 | E55: Great things will happen after using certain attacks!
B56: Namielle Electrowave | C56: 3 | E56: Reduces damage received from thunder element monsters by 10% and increases your weapon's water element value by 10%. | F56: Reduces damage received from thunder element monsters by 10% and increases your weapon's water element value by 15%. | G56: Reduces damage received from thunder element monsters by 10% and increases your weapon's water element value by 25%.
B57: Nergigante Avidity | C57: 3 | E57: Damage increased by 10%, but Special Gauge will no longer fill when attacking. | F57: Damage increased by 15%, but Special Gauge will no longer fill when attacking. | G57: Damage increased by 20%, but Special Gauge will no longer fill when attacking.
B58: Offensive Dodger | C58: 5 | E58: Increases damage by 10% for 15 seconds after performing a perfect evade. | F58: Increases damage by 15% for 15 seconds after performing a perfect evade. | G58: Increases damage by 20% for 15 seconds after performing a perfect evade. | H58: Increases damage by 25% for 15 seconds after performing a perfect evade. | I58: Increases damage by 35% for 15 seconds after performing a perfect evade.
B59: Offensive Guard | C59: 5 | E59: Increases attack power by 10% for 10 seconds after executing a well-timed guard. | F59: Increases attack power by 15% for 10 seconds after executing a well-timed guard. | G59: Increases attack power by 20% for 10 seconds after executing a well-timed guard. | H59: Increases attack power by 30% for 10 seconds after executing a well-timed guard. | I59: Increases attack power by 40% for 10 seconds after executing a well-timed guard.
B60: Paralysis Attack | C60: 5 | E60: Increases weapon's paralysis buildup value by 50. | F60: Increases weapon's paralysis buildup value by 75. | G60: Increases weapon's paralysis buildup value by 100. | H60: Increases weapon's paralysis buildup value by 125. | I60: Increases weapon's paralysis buildup value by 150.
B61: Paralysis Exploit | C61: 5 | E61: Increases damage to paralyzed monsters by 50%. | F61: Increases damage to paralyzed monsters by 75%. | G61: Increases damage to paralyzed monsters by 100%. | H61: Increases damage to paralyzed monsters by 130%. | I61: Increases damage to paralyzed monsters by 160%.
B62: Paralysis Resistance | C62: 3 | E62: Grants a 30% chance of preventing paralysis status when damaged by a paralysis-element attack. | F62: Grants a 60% chance of preventing paralysis status when damaged by a paralysis-element attack. | G62: Prevents paralysis.
B63: Partbreaker | C63: 5 | E63: Increases part damage accumulated on breakable parts by 5%. | F63: Increases part damage accumulated on breakable parts by 10%. | G63: Increases part damage accumulated on breakable parts by 20%. | H63: Increases part damage accumulated on breakable parts by 30%. | I63: Increases part damage accumulated on breakable parts by 40%.
B64: Peak Performance | C64: 5 | E64: Increases attack power by 100 when your health is full. | F64: Increases attack power by 200 when your health is full. | G64: Increases attack power by 300 when your health is full. | H64: Increases attack power by 400 when your health is full. | I64: Increases attack power by 500 when your health is full.
B65: Poison Attack | C65: 5 | E65: Increases weapon's poison buildup value by 50. | F65: Increases weapon's poison buildup value by 75. | G65: Increases weapon's poison buildup value by 100. | H65: Increases weapon's poison buildup value by 125. | I65: Increases weapon's poison buildup value by 150.
B66: Poison Exploit | C66: 5 | E66: Damage against monsters inflicted with poison increases by 30%. | F66: Damage against monsters inflicted with poison increases by 45%. | G66: Damage against monsters inflicted with poison increases by 60%. | H66: Damage against monsters inflicted with poison increases by 80%. | I66: Damage against monsters inflicted with poison increases by 100%.
B67: Poison Resistance | C67: 3 | E67: Grants a 30% chance of preventing poison status when damaged by a poison-element attack. | F67: Grants a 60% chance of preventing poison status when damaged by a poison-element attack. | G67: Prevents poisoning.
B68: Power Prolonger | C68: 5 | E68: Ever so slightly extends the duration of the powered-up state granted by dual blades, long swords, hunting horns, gunlances, switch axes and charge blades. | F68: Slightly extends the duration of the powered-up state granted by dual blades, long swords, hunting horns, gunlances, switch axes and charge blades. | G68: Moderately extends the duration of the powered-up state granted by dual blades, long swords, hunting horns, gunlances, switch axes and charge blades. | H68: Greatly extends the duration of the powered-up state granted by dual blades, long swords, hunting horns, gunlances, switch axes and charge blades. | I68: Massively extends the duration of the powered-up state granted by dual blades, long swords, hunting horns, gunlances, switch axes and charge blades.
B69: Pursuit | C69: 5 | E69: Increases damage dealt to a monster with a broken body part by 10%. | F69: Increases damage dealt to a monster with a broken body part by 15%. | G69: Increases damage dealt to a monster with a broken body part by 20%. | H69: Increases damage dealt to a monster with a broken body part by 30%. | I69: Increases damage dealt to a monster with a broken body part by 45%.
B70: Quick Work | C70: 3 | E70: Ever so slightly increases the speed of actions that involve sheathing or transforming your weapon. | F70: Slightly increases the speed of actions that involve sheathing or transforming your weapon. | G70: Significantly increases the speed of actions that involve sheathing or transforming your weapon.
B71: Raw Power | C71: 5 | E71: Affinity decreases by 5%, but attack power increases by 100. | F71: Affinity decreases by 10%, but attack power increases by 200. | G71: Affinity decreases by 15%, but attack power increases by 300. | H71: Affinity decreases by 20%, but attack power increases by 400. | I71: Affinity decreases by 30%, but attack power increases by 500.
B72: Reckless | C72: 3 | E72: Increases damage by 5%, but makes you unable to perform perfect evades. | F72: Increases damage by 10%, but makes you unable to perform perfect evades. | G72: Increases damage by 20%, but makes you unable to perform perfect evades.
B73: Recoil Down | C73: 3 | E73: Slightly reduces bowgun recoil. | F73: Moderately reduces bowgun recoil. | G73: Greatly reduces bowgun recoil.
B74: Reload Speed | C74: 3 | E74: Slightly reduces reload time for bowguns. | F74: Moderately reduces reload time for bowguns. | G74: Greatly reduces reload time for bowguns.
B75: Resentment | C75: 5 | E75: When taking damage, attack power is increased by 10% for 15 seconds. | F75: When taking damage, attack power is increased by 15% for 15 seconds. | G75: When taking damage, attack power is increased by 20% for 15 seconds. | H75: When taking damage, attack power is increased by 30% for 15 seconds. | I75: When taking damage, attack power is increased by 40% for 15 seconds.
B76: Resuscitate | C76: 5 | E76: Increases damage by 5% when you are suffering from a status ailment. | F76: Increases damage by 10% when you are suffering from a status ailment. | G76: Increases damage by 20% when you are suffering from a status ailment. | H76: Increases damage by 30% when you are suffering from a status ailment. | I76: Increases damage by 40% when you are suffering from a status ailment.
B77: Rising Tide | C77: 5 | E77: Very slightly increases attack power and defense as the hunt timer runs out. | F77: Slightly increases attack power and defense as the hunt timer runs out. | G77: Moderately increases attack power and defense as the hunt timer runs out. | H77: Greatly increases attack power and defense as the hunt timer runs out. | I77: Massively increases attack power and defense as the hunt timer runs out.
B78: Rude Awakener | C78: 3 | E78: Slightly increases the damage of the first attack dealt to sleeping monsters. | F78: Moderately increases the damage of the first attack dealt to sleeping monsters. | G78: Greatly increases the damage of the first attack dealt to sleeping monsters.
B79: Shared Shield | C79: 5 | E79: Increases defense by 30 during a group hunt. | F79: Increases defense by 60 during a group hunt. | G79: Increases defense by 90 during a group hunt. | H79: Increases defense by 120 during a group hunt. | I79: Increases defense by 150 during a group hunt.
B80: Shared Sword | C80: 5 | E80: Increases attack power by 80 during a group hunt. | F80: Increases attack power by 160 during a group hunt. | G80: Increases attack power by 240 during a group hunt. | H80: Increases attack power by 320 during a group hunt. | I80: Increases attack power by 400 during a group hunt.
B81: Skyward Striker | C81: 5 | E81: Increases the damage of aerial attacks by 15%. | F81: Increases the damage of aerial attacks by 20%. | G81: Increases the damage of aerial attacks by 25%. | H81: Increases the damage of aerial attacks by 30%. | I81: Increases the damage of aerial attacks by 40%.
B82: Sleep Attack | C82: 5 | E82: Increases weapon's sleep buildup value by 50. | F82: Increases weapon's sleep buildup value by 75. | G82: Increases weapon's sleep buildup value by 100. | H82: Increases weapon's sleep buildup value by 125. | I82: Increases weapon's sleep buildup value by 150.
B83: Sleep Resistance | C83: 3 | E83: 30% chance of preventing sleep status when damaged by a sleep element attack. | F83: 60% chance of preventing sleep status when damaged by a sleep element attack. | G83: Prevents sleep status.
B84: Slugger | C84: 5 | E84: Increases stun power by 10%. | F84: Increases stun power by 15%. | G84: Increases stun power by 20%. | H84: Increases stun power by 25%. | I84: Increases stun power by 30%.
B85: Sneak Attack | C85: 5 | E85: Increases damage by 10% when attacking a monster from behind. | F85: Increases damage by 15% when attacking a monster from behind. | G85: Increases damage by 20% when attacking a monster from behind. | H85: Increases damage by 25% when attacking a monster from behind. | I85: Increases damage by 30% when attacking a monster from behind.
B86: Solidarity (Halloween) | C86: 1 | E86: Increases attack power relative to the number of fellow hunters with this skill activated. *If active during the Halloween event, the effect is multiplied by 5.
B87: Special Boost | C87: 5 | E87: Increases the damage of Special Skills by 10%. | F87: Increases the damage of Special Skills by 15%. | G87: Increases the damage of Special Skills by 20%. | H87: Increases the damage of Special Skills by 25%. | I87: Increases the damage of Special Skills by 30%.
B88: Special Insurance | C88: 5 | E88: Special Gauge can no longer be stolen, and is no longer reduced when fainting during a hunt. | F88: Special Gauge can no longer be stolen, and fills by 10% when fainting during a hunt. | G88: Special Gauge can no longer be stolen, and fills by 20% when fainting during a hunt. | H88: Special Gauge can no longer be stolen, and fills by 30% when fainting during a hunt. | I88: Special Gauge can no longer be stolen, and fills by 40% when fainting during a hunt.
B89: Special Partbreaker | C89: 5 | E89: Increases accumulated dmage upon breakable parts when using Special Skills by 20%, and fills Special Gauge by 5% each time a body part is broken. | F89: Increases accumulated dmage upon breakable parts when using Special Skills by 50%, and fills Special Gauge by 10% each time a body part is broken. | G89: Increases accumulated dmage upon breakable parts when using Special Skills by 80%, and fills Special Gauge by 15% each time a body part is broken. | H89: Increases accumulated dmage upon breakable parts when using Special Skills by 120%, and fills Special Gauge by 20% each time a body part is broken. | I89: Increases accumulated dmage upon breakable parts when using Special Skills by 160%, and fills Special Gauge by 30% each time a body part is broken.
B90: Status Sneak Attack | C90: 5 | E90: Make it ever so slightly more probable to inflict status ailment buildup when attacking a monster from behind. | F90: Make it slightly more probable to inflict status ailment buildup when attacking a monster from behind. | G90: Make it moderately more probable to inflict status ailment buildup when attacking a monster from behind. | H90: Make it significantly more probable to inflict status ailment buildup when attacking a monster from behind. | I90: Guaranteed to inflict status ailment buildup when attacking a monster from behind.
B91: Teostra Blastpowder | C91: 3 | E91: Makes it easier to rid yourself of blastblight and slightly easier to inflict blast buildup on monsters. | F91: Makes it easier to rid yourself of blastblight and moderately easier to inflict blast buildup on monsters. | G91: Makes it easier to rid yourself of blastblight and significantly easier to inflict blast buildup on monsters.
B92: Thunder Attack | C92: 5 | E92: Increases weapon's thunder-element value by 50. | F92: Increases weapon's thunder-element value by 100. | G92: Increases weapon's thunder-element value by 200. | H92: Increases weapon's thunder-element value by 350. | I92: Increases weapon's thunder-element value by 500.
B93: Thunder Resistance | C93: 3 | E93: Decreases damage from thunder-element monsters by 15%. | F93: Decreases damage from thunder-element monsters by 30%. | G93: Decreases damage from thunder-element monsters by 50%.
B94: Tremor Resistance | C94: 3 | E94: Negates minor ground tremors. | F94: Negates minor ground tremors and reduces the effects of major ground tremors. | G94: Negates minor and major ground tremors.
B95: Valor | C95: 5 | E95: Increases attack power by 400 and fills Special Gauge by 50% when a monster roars (up to 1 time per hunt). | F95: Increases attack power by 550 and fills Special Gauge by 60% when a monster roars (up to 1 time per hunt). | G95: Increases attack power by 700 and fills Special Gauge by 70% when a monster roars (up to 1 time per hunt). | H95: Increases attack power by 850 and fills Special Gauge by 80% when a monster roars (up to 1 time per hunt). | I95: Increases attack power by 1000 and fills Special Gauge by 100% when a monster roars (up to 1 time per hunt).
B96: Vital Fire | C96: 3 | E96: Increases weapon's fire element value by 2x your remaining health. | F96: Increases weapon's fire element value by 4x your remaining health. | G96: Increases weapon's fire element value by 8x your remaining health.
B97: Vital Ice | C97: 3 | E97: Increases weapon's ice element value by 2x your remaining health. | F97: Increases weapon's ice element value by 4x your remaining health. | G97: Increases weapon's ice element value by 8x your remaining health.
B98: Vital Thunder | C98: 3 | E98: Increases weapon's thunder element value by 2x your remaining health. | F98: Increases weapon's thunder element value by 4x your remaining health. | G98: Increases weapon's thunder element value by 8x your remaining health.
B99: Water Attack | C99: 5 | E99: Increases weapon's water-element value by 50. | F99: Increases weapon's water-element value by 100. | G99: Increases weapon's water-element value by 200. | H99: Increases weapon's water-element value by 350. | I99: Increases weapon's water-element value by 500.
B100: Water Resistance | C100: 3 | E100: Decreases damage from water-element monsters by 15%. | F100: Decreases damage from water-element monsters by 30%. | G100: Decreases damage from water-element monsters by 50%.
...

Sheet Equipment_Skill
A1: id | B1: equipment_name | C1: skill_name | D1: max_level
A2: 1 | B2: Leather Headgear | C2: Critical Eye | D2: 1 | E2: =VLOOKUP(C2,Skill!B:C,2,FALSE) -> 5 | F2: =VLOOKUP(B2,Equipment!B:N,3,FALSE) -> Helm
A3: 2 | B3: Leather Headgear | C3: Ice Resistance | D3: 1 | E3: =VLOOKUP(C3,Skill!B:C,2,FALSE) -> 3 | F3: =VLOOKUP(B3,Equipment!B:N,3,FALSE) -> Helm
A4: 3 | B4: Leather Mail | C4: Attack Boost | D4: 1 | E4: =VLOOKUP(C4,Skill!B:C,2,FALSE) -> 5 | F4: =VLOOKUP(B4,Equipment!B:N,3,FALSE) -> Mail
A5: 4 | B5: Leather Mail | C5: Fire Resistance | D5: 1 | E5: =VLOOKUP(C5,Skill!B:C,2,FALSE) -> 3 | F5: =VLOOKUP(B5,Equipment!B:N,3,FALSE) -> Mail
A6: 5 | B6: Leather Gloves | C6: Defense Boost | D6: 1 | E6: =VLOOKUP(C6,Skill!B:C,2,FALSE) -> 5 | F6: =VLOOKUP(B6,Equipment!B:N,3,FALSE) -> Vambraces
A7: 6 | B7: Leather Gloves | C7: Thunder Resistance | D7: 1 | E7: =VLOOKUP(C7,Skill!B:C,2,FALSE) -> 3 | F7: =VLOOKUP(B7,Equipment!B:N,3,FALSE) -> Vambraces
A8: 7 | B8: Leather Belt | C8: Health Boost | D8: 1 | E8: =VLOOKUP(C8,Skill!B:C,2,FALSE) -> 5 | F8: =VLOOKUP(B8,Equipment!B:N,3,FALSE) -> Coil
A9: 8 | B9: Leather Belt | C9: Water Resistance | D9: 1 | E9: =VLOOKUP(C9,Skill!B:C,2,FALSE) -> 3 | F9: =VLOOKUP(B9,Equipment!B:N,3,FALSE) -> Coil
A10: 9 | B10: Leather Trousers | C10: Poison Resistance | D10: 1 | E10: =VLOOKUP(C10,Skill!B:C,2,FALSE) -> 3 | F10: =VLOOKUP(B10,Equipment!B:N,3,FALSE) -> Greaves
A11: 10 | B11: Leather Trousers | C11: Paralysis Resistance | D11: 1 | E11: =VLOOKUP(C11,Skill!B:C,2,FALSE) -> 3 | F11: =VLOOKUP(B11,Equipment!B:N,3,FALSE) -> Greaves
A12: 11 | B12: Alloy Helm | C12: Earplugs | D12: 3 | E12: =VLOOKUP(C12,Skill!B:C,2,FALSE) -> 5 | F12: =VLOOKUP(B12,Equipment!B:N,3,FALSE) -> Helm
A13: 12 | B13: Alloy Mail | C13: Tremor Resistance | D13: 2 | E13: =VLOOKUP(C13,Skill!B:C,2,FALSE) -> 3 | F13: =VLOOKUP(B13,Equipment!B:N,3,FALSE) -> Mail
... A538: 417 | B538: Swimmer Flippers | C538: Shared Shield | D538: 2 | E538: =VLOOKUP(C538,Skill!B:C,2,FALSE) -> 5 | F538: =VLOOKUP(B538,Equipment!B:N,3,FALSE) -> Greaves

Sheet Weapon
A1: id | B1: name | C1: set_name | D1: body_part | E1: body_part_name | F1: monster_name | G1: monster_id | H1: skill_slot | I1: weapon_low_level_alias | J1: weapon_attack | K1: weapon_affinity | L1: weapon_element_value | M1: weapon_element_type | N1: #dup_id
B2: Steel Knife | C2: Leather Set | D2: Weapon | E2: Sword & Shield | G2: =IF(ISNA(VLOOKUP(F2,Monster!B:E,4,FALSE)),0,VLOOKUP(F2,Monster!B:E,4,FALSE)) -> 0 | I2: Hunter's Knife | J2: 1596 | K2: 0 | L2: 0 | M2: No Element | O2: =((NOT(ISNA(VLOOKUP(M2,Monster!$H$2:$I$6,2,FALSE)))*L2)+J2)*(1+K2/100*0.25) -> 1596 | P2: Poison Resistance | Q2: 2
B3: Jagras Garotte | C3: Jagras Set | D3: Weapon | E3: Sword & Shield | F3: Great Jagras | G3: =IF(ISNA(VLOOKUP(F3,Monster!B:E,4,FALSE)),0,VLOOKUP(F3,Monster!B:E,4,FALSE)) -> 1 | I3: Jagras Edge | J3: 1373 | K3: 0 | L3: 607 | M3: Water | O3: =((NOT(ISNA(VLOOKUP(M3,Monster!$H$2:$I$6,2,FALSE)))*L3)+J3)*(1+K3/100*0.25) -> 1980 | P3: Health Boost | Q3: 2
C4: Kulu Set | D4: Weapon | E4: Sword & Shield | F4: Kulu-Ya-Ku | G4: =IF(ISNA(VLOOKUP(F4,Monster!B:E,4,FALSE)),0,VLOOKUP(F4,Monster!B:E,4,FALSE)) -> 2 | L4: 0 | M4: No Element | O4: =((NOT(ISNA(VLOOKUP(M4,Monster!$H$2:$I$6,2,FALSE)))*L4)+J4)*(1+K4/100*0.25) -> 0 | P4: Fortify | Q4: 2
B5: Datura Blossom | C5: Pukei Set | D5: Weapon | E5: Sword & Shield | F5: Pukei-Pukei | G5: =IF(ISNA(VLOOKUP(F5,Monster!B:E,4,FALSE)),0,VLOOKUP(F5,Monster!B:E,4,FALSE)) -> 3 | I5: Blooming Knife | J5: 1596 | K5: 0 | L5: 400 | M5: Poison | O5: =((NOT(ISNA(VLOOKUP(M5,Monster!$H$2:$I$6,2,FALSE)))*L5)+J5)*(1+K5/100*0.25) -> 1596 | P5: Sneak Attack | Q5: 1
B6: Laguna Blossom | C6: Coral Pukei Set | D6: Weapon | E6: Sword & Shield | F6: Coral Pukei-Pukei | G6: =IF(ISNA(VLOOKUP(F6,Monster!B:E,4,FALSE)),0,VLOOKUP(F6,Monster!B:E,4,FALSE)) -> 4 | I6: Laguna Blossom | J6: 1221 | K6: 0 | L6: 1142 | M6: Water | O6: =((NOT(ISNA(VLOOKUP(M6,Monster!$H$2:$I$6,2,FALSE)))*L6)+J6)*(1+K6/100*0.25) -> 2363 | P6: Earplugs | Q6: 1
B7: Barroth Club | C7: Barroth Set | D7: Weapon | E7: Sword & Shield | F7: Barroth | G7: =IF(ISNA(VLOOKUP(F7,Monster!B:E,4,FALSE)),0,VLOOKUP(F7,Monster!B:E,4,FALSE)) -> 5 | I7: Carapace Edge | J7: 1756 | K7: 0 | L7: 0 | M7: No Element | O7: =((NOT(ISNA(VLOOKUP(M7,Monster!$H$2:$I$6,2,FALSE)))*L7)+J7)*(1+K7/100*0.25) -> 1756 | P7: Defense Boost | Q7: 2
B8: Malady's Tabar | C8: Girros Set | D8: Weapon | E8: Sword & Shield | F8: Great Girros | G8: =IF(ISNA(VLOOKUP(F8,Monster!B:E,4,FALSE)),0,VLOOKUP(F8,Monster!B:E,4,FALSE)) -> 6 | I8: Girros Knife | J8: 1596 | K8: 0 | L8: 400 | M8: Paralysis | O8: =((NOT(ISNA(VLOOKUP(M8,Monster!$H$2:$I$6,2,FALSE)))*L8)+J8)*(1+K8/100*0.25) -> 1596 | P8: Sneak Attack | Q8: 1
B9: Lightning Nemesis | C9: Kadachi Set | D9: Weapon | E9: Sword & Shield | F9: Tobi-Kadachi | G9: =IF(ISNA(VLOOKUP(F9,Monster!B:E,4,FALSE)),0,VLOOKUP(F9,Monster!B:E,4,FALSE)) -> 7 | I9: Thunder Edge | J9: 1293 | K9: 0 | L9: 910 | M9: Thunder | O9: =((NOT(ISNA(VLOOKUP(M9,Monster!$H$2:$I$6,2,FALSE)))*L9)+J9)*(1+K9/100*0.25) -> 2203 | P9: Evade Extender | Q9: 1
B10: Lumu Tabar | C10: Paolumu Set | D10: Weapon | E10: Sword & Shield | F10: Paolumu | G10: =IF(ISNA(VLOOKUP(F10,Monster!B:E,4,FALSE)),0,VLOOKUP(F10,Monster!B:E,4,FALSE)) -> 8 | I10: Lumu Knife | J10: 1764 | K10: 0 | L10: 0 | M10: No Element | O10: =((NOT(ISNA(VLOOKUP(M10,Monster!$H$2:$I$6,2,FALSE)))*L10)+J10)*(1+K10/100*0.25) -> 1764 | P10: Divine Blessing | Q10: 2
B11: Nyx Tabar | C11: Nightshade Paolumu Set | D11: Weapon | E11: Sword & Shield | F11: Nightshade Paolumu | G11: =IF(ISNA(VLOOKUP(F11,Monster!B:E,4,FALSE)),0,VLOOKUP(F11,Monster!B:E,4,FALSE)) -> 9 | I11: Nyx Tabar | J11: 1756 | K11: 0 | L11: 300 | M11: Sleep | O11: =((NOT(ISNA(VLOOKUP(M11,Monster!$H$2:$I$6,2,FALSE)))*L11)+J11)*(1+K11/100*0.25) -> 1756 | P11: Sneak Attack | Q11: 1
B12: Rogue Wave | C12: Jyuratodus Set | D12: Weapon | E12: Sword & Shield | F12: Jyuratodus | G12: =IF(ISNA(VLOOKUP(F12,Monster!B:E,4,FALSE)),0,VLOOKUP(F12,Monster!B:E,4,FALSE)) -> 10 | I12: Aqua Messer | J12: 1293 | K12: 0 | L12: 910 | M12: Water | O12: =((NOT(ISNA(VLOOKUP(M12,Monster!$H$2:$I$6,2,FALSE)))*L12)+J12)*(1+K12/100*0.25) -> 2203 | P12: Last Stand | Q12: 1
B13: Flammensucher | C13: Anjanath Set | D13: Weapon | E13: Sword & Shield | F13: Anjanath | G13: =IF(ISNA(VLOOKUP(F13,Monster!B:E,4,FALSE)),0,VLOOKUP(F13,Monster!B:E,4,FALSE)) -> 11 | I13: Blazing Edge | J13: 1293 | K13: 0 | L13: 910 | M13: Fire | O13: =((NOT(ISNA(VLOOKUP(M13,Monster!$H$2:$I$6,2,FALSE)))*L13)+J13)*(1+K13/100*0.25) -> 2203 | P13: Rising Tide | Q13: 1
B14: Donnersieger | C14: Fulgur Set | D14: Weapon | E14: Sword & Shield | F14: Fulgur Anjanath | G14: =IF(ISNA(VLOOKUP(F14,Monster!B:E,4,FALSE)),0,VLOOKUP(F14,Monster!B:E,4,FALSE)) -> 12 | I14: Donnersieger | J14: 1197 | K14: 20 | L14: 1154 | M14: Thunder | O14: =((NOT(ISNA(VLOOKUP(M14,Monster!$H$2:$I$6,2,FALSE)))*L14)+J14)*(1+K14/100*0.25) -> 2468.55 | P14: Critical Element | Q14: 1
B15: Queen Rapier | C15: Rathian Set | D15: Weapon | E15: Sword & Shield | F15: Rathian | G15: =IF(ISNA(VLOOKUP(F15,Monster!B:E,4,FALSE)),0,VLOOKUP(F15,Monster!B:E,4,FALSE)) -> 13 | I15: Princess Rapier | J15: 1516 | K15: 0 | L15: 496 | M15: Poison | O15: =((NOT(ISNA(VLOOKUP(M15,Monster!$H$2:$I$6,2,FALSE)))*L15)+J15)*(1+K15/100*0.25) -> 1516 | P15: Health Boost | Q15: 2
B16: Royal Rose | C16: Pink Rathian Set | D16: Weapon | E16: Sword & Shield | F16: Pink Rathian | G16: =IF(ISNA(VLOOKUP(F16,Monster!B:E,4,FALSE)),0,VLOOKUP(F16,Monster!B:E,4,FALSE)) -> 14 | I16: Queen Rose | J16: 1756 | K16: 0 | L16: 300 | M16: Poison | O16: =((NOT(ISNA(VLOOKUP(M16,Monster!$H$2:$I$6,2,FALSE)))*L16)+J16)*(1+K16/100*0.25) -> 1756 | P16: Evade Extender | Q16: 1
... B18: Rimespire | C18: Legiana Set | D18: Weapon | E18: Sword & Shield | F18: Legiana | G18: =IF(ISNA(VLOOKUP(F18,Monster!B:E,4,FALSE)),0,VLOOKUP(F18,Monster!B:E,4,FALSE)) -> 16 | I18: Glacial Grace | J18: 1221 | K18: 0 | L18: 1142 | M18: Ice | O18: =((NOT(ISNA(VLOOKUP(M18,Monster!$H$2:$I$6,2,FALSE)))*L18)+J18)*(1+K18/100*0.25) -> 2363 | P18: Divine Blessing | Q18: 2
C19: Diablos Set | D19: Weapon | E19: Sword & Shield | F19: Diablos | G19: =IF(ISNA(VLOOKUP(F19,Monster!B:E,4,FALSE)),0,VLOOKUP(F19,Monster!B:E,4,FALSE)) -> 17 | L19: 0 | M19: No Element | O19: =((NOT(ISNA(VLOOKUP(M19,Monster!$H$2:$I$6,2,FALSE)))*L19)+J19)*(1+K19/100*0.25) -> 0 | P19: Heroics | Q19: 1
C20: Black Diablos Set | D20: Weapon | E20: Sword & Shield | F20: Black Diablos | G20: =IF(ISNA(VLOOKUP(F20,Monster!B:E,4,FALSE)),0,VLOOKUP(F20,Monster!B:E,4,FALSE)) -> 18 | L20: 0 | M20: No Element | O20: =((NOT(ISNA(VLOOKUP(M20,Monster!$H$2:$I$6,2,FALSE)))*L20)+J20)*(1+K20/100*0.25) -> 0 | P20: Partbreaker | Q20: 1
B21: Heat Edge | C21: Rathalos Set | D21: Weapon | E21: Sword & Shield | F21: Rathalos | G21: =IF(ISNA(VLOOKUP(F21,Monster!B:E,4,FALSE)),0,VLOOKUP(F21,Monster!B:E,4,FALSE)) -> 19 | I21: Flame Knife | J21: 1221 | K21: 0 | L21: 1142 | M21: Fire | O21: =((NOT(ISNA(VLOOKUP(M21,Monster!$H$2:$I$6,2,FALSE)))*L21)+J21)*(1+K21/100*0.25) -> 2363 | P21: Earplugs | Q21: 1
B22: Blue Corona | C22: Azure Rathalos Set | D22: Weapon | E22: Sword & Shield | F22: Azure Rathalos | G22: =IF(ISNA(VLOOKUP(F22,Monster!B:E,4,FALSE)),0,VLOOKUP(F22,Monster!B:E,4,FALSE)) -> 20 | I22: Blue Corona | J22: 1682 | K22: 0 | L22: 605 | M22: Fire | O22: =((NOT(ISNA(VLOOKUP(M22,Monster!$H$2:$I$6,2,FALSE)))*L22)+J22)*(1+K22/100*0.25) -> 2287 | P22: Special Boost | Q22: 1
B23: Platinum Dawn | C23: Silver Sol Set | D23: Weapon | E23: Sword & Shield | F23: Silver Rathalos | G23: =IF(ISNA(VLOOKUP(F23,Monster!B:E,4,FALSE)),0,VLOOKUP(F23,Monster!B:E,4,FALSE)) -> 21 | I23: Platinum Dawn | J23: 1258 | K23: 30 | L23: 1082 | M23: Fire | O23: =((NOT(ISNA(VLOOKUP(M23,Monster!$H$2:$I$6,2,FALSE)))*L23)+J23)*(1+K23/100*0.25) -> 2515.5 | P23: Critical Element | Q23: 2
B24: Baan Claw | C24: Radobaan Set | D24: Weapon | E24: Sword & Shield | F24: Radobaan | G24: =IF(ISNA(VLOOKUP(F24,Monster!B:E,4,FALSE)),0,VLOOKUP(F24,Monster!B:E,4,FALSE)) -> 22 | I24: Spiked Edge | J24: 1596 | K24: 0 | L24: 400 | M24: Sleep | O24: =((NOT(ISNA(VLOOKUP(M24,Monster!$H$2:$I$6,2,FALSE)))*L24)+J24)*(1+K24/100*0.25) -> 1596 | P24: Defense Boost | Q24: 2
C25: Banbaro Set | D25: Weapon | E25: Sword & Shield | F25: Banbaro | G25: =IF(ISNA(VLOOKUP(F25,Monster!B:E,4,FALSE)),0,VLOOKUP(F25,Monster!B:E,4,FALSE)) -> 23 | L25: 0 | M25: No Element | O25: =((NOT(ISNA(VLOOKUP(M25,Monster!$H$2:$I$6,2,FALSE)))*L25)+J25)*(1+K25/100*0.25) -> 0 | P25: Firm Foothold | Q25: 2
B26: Icicle Spike+ | C26: Barioth Set | D26: Weapon | E26: Sword & Shield | F26: Barioth | G26: =IF(ISNA(VLOOKUP(F26,Monster!B:E,4,FALSE)),0,VLOOKUP(F26,Monster!B:E,4,FALSE)) -> 24 | I26: Icicle Spike | J26: 1191 | K26: 20 | L26: 910 | M26: Ice | O26: =((NOT(ISNA(VLOOKUP(M26,Monster!$H$2:$I$6,2,FALSE)))*L26)+J26)*(1+K26/100*0.25) -> 2206.05 | P26: Evade Extender | Q26: 1
B27: Despot's Crookbolt | C27: Zinogre Set | D27: Weapon | E27: Sword & Shield | F27: Zinogre | G27: =IF(ISNA(VLOOKUP(F27,Monster!B:E,4,FALSE)),0,VLOOKUP(F27,Monster!B:E,4,FALSE)) -> 25 | I27: Usurper's Firebolt | J27: 1221 | K27: 0 | L27: 1142 | M27: Thunder | O27: =((NOT(ISNA(VLOOKUP(M27,Monster!$H$2:$I$6,2,FALSE)))*L27)+J27)*(1+K27/100*0.25) -> 2363 | P27: Artful Dodger | Q27: 1
C28: Tzitzi Set | D28: Weapon | E28: Sword & Shield | F28: Tzitzi-Ya-Ku | G28: =IF(ISNA(VLOOKUP(F28,Monster!B:E,4,FALSE)),0,VLOOKUP(F28,Monster!B:E,4,FALSE)) -> 26 | L28: 0 | M28: No Element | O28: =((NOT(ISNA(VLOOKUP(M28,Monster!$H$2:$I$6,2,FALSE)))*L28)+J28)*(1+K28/100*0.25) -> 0 | P28: Lock On | Q28: 1
C29: Odogaron Set | D29: Weapon | E29: Sword & Shield | F29: Odogaron | G29: =IF(ISNA(VLOOKUP(F29,Monster!B:E,4,FALSE)),0,VLOOKUP(F29,Monster!B:E,4,FALSE)) -> 27 | L29: 0 | M29: No Element | O29: =((NOT(ISNA(VLOOKUP(M29,Monster!$H$2:$I$6,2,FALSE)))*L29)+J29)*(1+K29/100*0.25) -> 0 | P29: Evasive Concentration | Q29: 1
C30: Death Garon Set | D30: Weapon | E30: Sword & Shield | F30: Ebony Odogaron | G30: =IF(ISNA(VLOOKUP(F30,Monster!B:E,4,FALSE)),0,VLOOKUP(F30,Monster!B:E,4,FALSE)) -> 28 | L30: 0 | M30: No Element | O30: =((NOT(ISNA(VLOOKUP(M30,Monster!$H$2:$I$6,2,FALSE)))*L30)+J30)*(1+K30/100*0.25) -> 0 | P30: Critical Boost | Q30: 1
B31: Fatal Bite | C31: Deviljho Set | D31: Weapon | E31: Sword & Shield | F31: Deviljho | G31: =IF(ISNA(VLOOKUP(F31,Monster!B:E,4,FALSE)),0,VLOOKUP(F31,Monster!B:E,4,FALSE)) -> 29 | I31: Fatal jho | J31: 1318 | K31: -30 | L31: 1261 | M31: Dragon | O31: =((NOT(ISNA(VLOOKUP(M31,Monster!$H$2:$I$6,2,FALSE)))*L31)+J31)*(1+K31/100*0.25) -> 2385.575 | P31: Slugger | Q31: 1
C32: Basarios Set | D32: Weapon | E32: Sword & Shield | F32: Basarios | G32: =IF(ISNA(VLOOKUP(F32,Monster!B:E,4,FALSE)),0,VLOOKUP(F32,Monster!B:E,4,FALSE)) -> 30 | L32: 0 | M32: No Element | O32: =((NOT(ISNA(VLOOKUP(M32,Monster!$H$2:$I$6,2,FALSE)))*L32)+J32)*(1+K32/100*0.25) -> 0 | P32: Heroics | Q32: 1
B33: Painful Razor | C33: Khezu Set | D33: Weapon | E33: Sword & Shield | F33: Khezu | G33: =IF(ISNA(VLOOKUP(F33,Monster!B:E,4,FALSE)),0,VLOOKUP(F33,Monster!B:E,4,FALSE)) -> 31 | I33: Khezu Razor | J33: 1194 | K33: 20 | L33: 913 | M33: Thunder | O33: =((NOT(ISNA(VLOOKUP(M33,Monster!$H$2:$I$6,2,FALSE)))*L33)+J33)*(1+K33/100*0.25) -> 2212.35 | P33: Peak Performance | Q33: 1
B34: Daora's Razor | C34: Kushala Set | D34: Weapon | E34: Sword & Shield | F34: Kushala Daora | G34: =IF(ISNA(VLOOKUP(F34,Monster!B:E,4,FALSE)),0,VLOOKUP(F34,Monster!B:E,4,FALSE)) -> 32 | I34: Daora's Razor | J34: 1553 | K34: 0 | L34: 974 | M34: Ice | O34: =((NOT(ISNA(VLOOKUP(M34,Monster!$H$2:$I$6,2,FALSE)))*L34)+J34)*(1+K34/100*0.25) -> 2527 | P34: Windproof | Q34: 2 | R34: Hunter's Unity
B35: Kurenawi Ougi | C35: Mizutsune Set | D35: Weapon | E35: Sword & Shield | F35: Mizutsune | G35: =IF(ISNA(VLOOKUP(F35,Monster!B:E,4,FALSE)),0,VLOOKUP(F35,Monster!B:E,4,FALSE)) -> 33 | I35: Hana no Nagoriwo | J35: 1138 | K35: 20 | L35: 1156 | M35: Water | O35: =((NOT(ISNA(VLOOKUP(M35,Monster!$H$2:$I$6,2,FALSE)))*L35)+J35)*(1+K35/100*0.25) -> 2408.7 | P35: Artful Dodger | Q35: 1
B36: Teostra's Emblem | C36: Kaiser Set | D36: Weapon | E36: Sword & Shield | F36: Teostra | G36: =IF(ISNA(VLOOKUP(F36,Monster!B:E,4,FALSE)),0,VLOOKUP(F36,Monster!B:E,4,FALSE)) -> 34 | I36: Teostra's Emblem | J36: 1684 | K36: 0 | L36: 502 | M36: Blast | O36: =((NOT(ISNA(VLOOKUP(M36,Monster!$H$2:$I$6,2,FALSE)))*L36)+J36)*(1+K36/100*0.25) -> 1684 | P36: Heroics | Q36: 2 | R36: Hunter's Unity
C37: Aknosom Set | D37: Weapon | E37: Sword & Shield | F37: Aknosom | G37: =IF(ISNA(VLOOKUP(F37,Monster!B:E,4,FALSE)),0,VLOOKUP(F37,Monster!B:E,4,FALSE)) -> 35 | L37: 0 | M37: No Element | O37: =((NOT(ISNA(VLOOKUP(M37,Monster!$H$2:$I$6,2,FALSE)))*L37)+J37)*(1+K37/100*0.25) -> 0 | P37: Lock On | Q37: 1
B38: Sinister Shadekeeper | C38: Sinister Set | D38: Weapon | E38: Sword & Shield | F38: Magnamalo | G38: =IF(ISNA(VLOOKUP(F38,Monster!B:E,4,FALSE)),0,VLOOKUP(F38,Monster!B:E,4,FALSE)) -> 36 | I38: Sinister Sword | J38: 1516 | K38: 0 | L38: 496 | M38: Blast | O38: =((NOT(ISNA(VLOOKUP(M38,Monster!$H$2:$I$6,2,FALSE)))*L38)+J38)*(1+K38/100*0.25) -> 1516 | P38: Partbreaker | Q38: 1
B39: Banned Rajang Club | C39: Golden Set | D39: Weapon | E39: Sword & Shield | F39: Rajang | G39: =IF(ISNA(VLOOKUP(F39,Monster!B:E,4,FALSE)),0,VLOOKUP(F39,Monster!B:E,4,FALSE)) -> 37 | I39: Rajang Club | J39: 1318 | K39: -30 | L39: 1261 | M39: Thunder | O39: =((NOT(ISNA(VLOOKUP(M39,Monster!$H$2:$I$6,2,FALSE)))*L39)+J39)*(1+K39/100*0.25) -> 2385.575 | P39: Partbreaker | Q39: 1
B40: Eradication Vanguard | C40: Nergigante Set | D40: Weapon | E40: Sword & Shield | F40: Nergigante | G40: =IF(ISNA(VLOOKUP(F40,Monster!B:E,4,FALSE)),0,VLOOKUP(F40,Monster!B:E,4,FALSE)) -> 38 | I40: Eradication Vanguard | J40: 1553 | K40: 0 | L40: 974 | M40: Dragon | O40: =((NOT(ISNA(VLOOKUP(M40,Monster!$H$2:$I$6,2,FALSE)))*L40)+J40)*(1+K40/100*0.25) -> 2527 | P40: Partbreaker | Q40: 2 | R40: Hunter's Unity
C41: Lagombi Set | D41: Weapon | E41: Sword & Shield | F41: Lagombi | G41: =IF(ISNA(VLOOKUP(F41,Monster!B:E,4,FALSE)),0,VLOOKUP(F41,Monster!B:E,4,FALSE)) -> 39 | L41: 0 | M41: No Element | O41: =((NOT(ISNA(VLOOKUP(M41,Monster!$H$2:$I$6,2,FALSE)))*L41)+J41)*(1+K41/100*0.25) -> 0 | P41: Lock On | Q41: 1
C42: Volvidon Set | D42: Weapon | E42: Sword & Shield | F42: Volvidon | G42: =IF(ISNA(VLOOKUP(F42,Monster!B:E,4,FALSE)),0,VLOOKUP(F42,Monster!B:E,4,FALSE)) -> 40 | L42: 0 | M42: No Element | O42: =((NOT(ISNA(VLOOKUP(M42,Monster!$H$2:$I$6,2,FALSE)))*L42)+J42)*(1+K42/100*0.25) -> 0 | P42: Evade Extender | Q42: 1
C43: Somnacanth Set | D43: Weapon | E43: Sword & Shield | F43: Somnacanth | G43: =IF(ISNA(VLOOKUP(F43,Monster!B:E,4,FALSE)),0,VLOOKUP(F43,Monster!B:E,4,FALSE)) -> 41 | L43: 0 | M43: No Element | O43: =((NOT(ISNA(VLOOKUP(M43,Monster!$H$2:$I$6,2,FALSE)))*L43)+J43)*(1+K43/100*0.25) -> 0 | P43: Evade Extender | Q43: 1
B44: Rex Talon+ | C44: Tigrex Set | D44: Weapon | E44: Sword & Shield | F44: Tigrex | G44: =IF(ISNA(VLOOKUP(F44,Monster!B:E,4,FALSE)),0,VLOOKUP(F44,Monster!B:E,4,FALSE)) -> 42 | I44: Rex Talon | J44: 2198 | K44: -40 | L44: 0 | M44: No Element | O44: =((NOT(ISNA(VLOOKUP(M44,Monster!$H$2:$I$6,2,FALSE)))*L44)+J44)*(1+K44/100*0.25) -> 1978.2 | P44: Critical Ferocity | Q44: 1
B45: Stonebite | C45: Rex Roar Set | D45: Weapon | E45: Sword & Shield | F45: Brute Tigrex | G45: =IF(ISNA(VLOOKUP(F45,Monster!B:E,4,FALSE)),0,VLOOKUP(F45,Monster!B:E,4,FALSE)) -> 43 | I45: Accursed Claw | J45: 2198 | K45: -10 | L45: 0 | M45: No Element | O45: =((NOT(ISNA(VLOOKUP(M45,Monster!$H$2:$I$6,2,FALSE)))*L45)+J45)*(1+K45/100*0.25) -> 2143.05 | P45: Aggressive Dodger | Q45: 5
B46: Fulminator | C46: Kirin Set | D46: Weapon | E46: Sword & Shield | F46: Kirin | G46: =IF(ISNA(VLOOKUP(F46,Monster!B:E,4,FALSE)),0,VLOOKUP(F46,Monster!B:E,4,FALSE)) -> 44 | I46: Fulminator | J46: 1205 | K46: 0 | L46: 1305 | M46: Thunder | O46: =((NOT(ISNA(VLOOKUP(M46,Monster!$H$2:$I$6,2,FALSE)))*L46)+J46)*(1+K46/100*0.25) -> 2510 | P46: Latent Power | Q46: 1 | R46: Hunter's Unity
C47: Bazelgeuse Set | D47: Weapon | E47: Sword & Shield | F47: Bazelgeuse | G47: =IF(ISNA(VLOOKUP(F47,Monster!B:E,4,FALSE)),0,VLOOKUP(F47,Monster!B:E,4,FALSE)) -> 45 | L47: 0 | M47: No Element | O47: =((NOT(ISNA(VLOOKUP(M47,Monster!$H$2:$I$6,2,FALSE)))*L47)+J47)*(1+K47/100*0.25) -> 0 | P47: Critical Ferocity | Q47: 1
B48: Shrouded Katalo | C48: Chatacabra Set | D48: Weapon | E48: Sword & Shield | F48: Chatacabra | G48: =IF(ISNA(VLOOKUP(F48,Monster!B:E,4,FALSE)),0,VLOOKUP(F48,Monster!B:E,4,FALSE)) -> 46 | I48: Chata Club | J48: 1834 | K48: 10 | L48: 0 | M48: No Element | O48: =((NOT(ISNA(VLOOKUP(M48,Monster!$H$2:$I$6,2,FALSE)))*L48)+J48)*(1+K48/100*0.25) -> 1879.85 | P48: Litheness | Q48: 1
C49: Arzuros Set | D49: Weapon | E49: Sword & Shield | F49: Arzuros | G49: =IF(ISNA(VLOOKUP(F49,Monster!B:E,4,FALSE)),0,VLOOKUP(F49,Monster!B:E,4,FALSE)) -> 47 | L49: 0 | M49: No Element | O49: =((NOT(ISNA(VLOOKUP(M49,Monster!$H$2:$I$6,2,FALSE)))*L49)+J49)*(1+K49/100*0.25) -> 0 | P49: Special Boost | Q49: 2
B50: Glavenus Razor | C50: Glavenus Set | D50: Weapon | E50: Sword & Shield | F50: Glavenus | G50: =IF(ISNA(VLOOKUP(F50,Monster!B:E,4,FALSE)),0,VLOOKUP(F50,Monster!B:E,4,FALSE)) -> 48 | I50: Glavenus Razor | J50: 1318 | K50: -30 | L50: 1261 | M50: Fire | O50: =((NOT(ISNA(VLOOKUP(M50,Monster!$H$2:$I$6,2,FALSE)))*L50)+J50)*(1+K50/100*0.25) -> 2385.575 | P50: Critical Ferocity | Q50: 1
C51: Mizuha Set | D51: Weapon | E51: Sword & Shield | F51: Chameleos | G51: =IF(ISNA(VLOOKUP(F51,Monster!B:E,4,FALSE)),0,VLOOKUP(F51,Monster!B:E,4,FALSE)) -> 49 | O51: =((NOT(ISNA(VLOOKUP(M51,Monster!$H$2:$I$6,2,FALSE)))*L51)+J51)*(1+K51/100*0.25) -> 0 | P51: Status Sneak Attack | Q51: 2 | R51: Hunter's Unity
B52: Dirty Marquis | C52: Wroggi Set | D52: Weapon | E52: Sword & Shield | F52: Great Wroggi | G52: =IF(ISNA(VLOOKUP(F52,Monster!B:E,4,FALSE)),0,VLOOKUP(F52,Monster!B:E,4,FALSE)) -> 50 | I52: Dirty Baron | J52: 1647 | K52: 10 | L52: 307 | M52: Poison | O52: =((NOT(ISNA(VLOOKUP(M52,Monster!$H$2:$I$6,2,FALSE)))*L52)+J52)*(1+K52/100*0.25) -> 1688.175 | P52: Lock On | Q52: 1
B53: Shaucha Pureblade | C53: Bishaten Set | D53: Weapon | E53: Sword & Shield | F53: Bishaten | G53: =IF(ISNA(VLOOKUP(F53,Monster!B:E,4,FALSE)),0,VLOOKUP(F53,Monster!B:E,4,FALSE)) -> 51 | I53: Exorcising Sword | J53: 1764 | K53: 0 | L53: 0 | M53: No Element | O53: =((NOT(ISNA(VLOOKUP(M53,Monster!$H$2:$I$6,2,FALSE)))*L53)+J53)*(1+K53/100*0.25) -> 1764 | P53: Shared Sword | Q53: 2
C54: Beotodus Set | D54: Weapon | E54: Sword & Shield | F54: Beotodus | G54: =IF(ISNA(VLOOKUP(F54,Monster!B:E,4,FALSE)),0,VLOOKUP(F54,Monster!B:E,4,FALSE)) -> 52 | K54: 0 | L54: 0 | O54: =((NOT(ISNA(VLOOKUP(M54,Monster!$H$2:$I$6,2,FALSE)))*L54)+J54)*(1+K54/100*0.25) -> 0 | P54: Valor | Q54: 1
B55: Hidden Edge | C55: Nargacuga Set | D55: Weapon | E55: Sword & Shield | F55: Nargacuga | G55: =IF(ISNA(VLOOKUP(F55,Monster!B:E,4,FALSE)),0,VLOOKUP(F55,Monster!B:E,4,FALSE)) -> 53 | I55: Hidden Edge | J55: 1738 | K55: 40 | L55: 0 | M55: No Element | O55: =((NOT(ISNA(VLOOKUP(M55,Monster!$H$2:$I$6,2,FALSE)))*L55)+J55)*(1+K55/100*0.25) -> 1911.8 | P55: Resuscitate | Q55: 2
B56: Hydros Discus | C56: Tentacle Set | D56: Weapon | E56: Sword & Shield | F56: Namielle | G56: =IF(ISNA(VLOOKUP(F56,Monster!B:E,4,FALSE)),0,VLOOKUP(F56,Monster!B:E,4,FALSE)) -> 54 | I56: Hydros Discus | J56: 1328 | K56: 20 | L56: 1074 | M56: Water | O56: =((NOT(ISNA(VLOOKUP(M56,Monster!$H$2:$I$6,2,FALSE)))*L56)+J56)*(1+K56/100*0.25) -> 2522.1 | P56: Weakness Exploit | Q56: 1 | R56: Hunter's Unity
B57: Golm Sword | C57: Garangolm Set | D57: Weapon | E57: Sword & Shield | F57: Garangolm | G57: =IF(ISNA(VLOOKUP(F57,Monster!B:E,4,FALSE)),0,VLOOKUP(F57,Monster!B:E,4,FALSE)) -> 55 | I57: Golm Sword | J57: 1979 | K57: 0 | L57: 0 | M57: No Element | O57: =((NOT(ISNA(VLOOKUP(M57,Monster!$H$2:$I$6,2,FALSE)))*L57)+J57)*(1+K57/100*0.25) -> 1979 | P57: Reckless | Q57: 1
B58: Frostmoon Hatchet | C58: Lunagaron Set | D58: Weapon | E58: Sword & Shield | F58: Lunagaron | G58: =IF(ISNA(VLOOKUP(F58,Monster!B:E,4,FALSE)),0,VLOOKUP(F58,Monster!B:E,4,FALSE)) -> 56 | I58: Frostmoon Hatchet | J58: 1020 | K58: 0 | L58: 1173 | M58: Ice | O58: =((NOT(ISNA(VLOOKUP(M58,Monster!$H$2:$I$6,2,FALSE)))*L58)+J58)*(1+K58/100*0.25) -> 2193 | P58: Vital Ice | Q58: 1
B59: Rosenmesser | C59: Espinas Set | D59: Weapon | E59: Sword & Shield | F59: Espinas | G59: =IF(ISNA(VLOOKUP(F59,Monster!B:E,4,FALSE)),0,VLOOKUP(F59,Monster!B:E,4,FALSE)) -> 57 | I59: Rosenmesser | J59: 1197 | K59: 20 | L59: 1154 | M59: Fire | O59: =((NOT(ISNA(VLOOKUP(M59,Monster!$H$2:$I$6,2,FALSE)))*L59)+J59)*(1+K59/100*0.25) -> 2468.55 | P59: Special Partbreaker | Q59: 2
B60: Bloodlust Blade | C60: Malzeno Set | D60: Weapon | E60: Sword & Shield | F60: Malzeno | G60: =IF(ISNA(VLOOKUP(F60,Monster!B:E,4,FALSE)),0,VLOOKUP(F60,Monster!B:E,4,FALSE)) -> 58 | I60: Bloodlust Blade | J60: 1205 | K60: 0 | L60: 1305 | M60: Dragon | O60: =((NOT(ISNA(VLOOKUP(M60,Monster!$H$2:$I$6,2,FALSE)))*L60)+J60)*(1+K60/100*0.25) -> 2510 | P60: Vital Dragon | Q60: 1 | R60: Hunter's Unity
B61: Chief Kukri | C61: Bone Set | D61: Weapon | E61: Sword & Shield | G61: =IF(ISNA(VLOOKUP(F61,Monster!B:E,4,FALSE)),0,VLOOKUP(F61,Monster!B:E,4,FALSE)) -> 0 | I61: Bone Kukri | J61: 1596 | K61: 0 | L61: 0 | M61: No Element | O61: =((NOT(ISNA(VLOOKUP(M61,Monster!$H$2:$I$6,2,FALSE)))*L61)+J61)*(1+K61/100*0.25) -> 1596 | P61: Concentration | Q61: 1
B62: MrBeast Sword & Shield | C62: MrBeast Set | D62: Weapon | E62: Sword & Shield | G62: =IF(ISNA(VLOOKUP(F62,Monster!B:E,4,FALSE)),0,VLOOKUP(F62,Monster!B:E,4,FALSE)) -> 0 | I62: MrBeast Sword & Shield | J62: 1821 | K62: 30 | L62: 0 | M62: No Element | O62: =((NOT(ISNA(VLOOKUP(M62,Monster!$H$2:$I$6,2,FALSE)))*L62)+J62)*(1+K62/100*0.25) -> 1957.575 | P62: MrBeast Challenge! | Q62: 1
B63: Esperanza Sword | C63: Hope Set | D63: Weapon | E63: Sword & Shield | G63: =IF(ISNA(VLOOKUP(F63,Monster!B:E,4,FALSE)),0,VLOOKUP(F63,Monster!B:E,4,FALSE)) -> 0 | I63: Hope Sword | J63: 1878 | K63: 0 | L63: 0 | M63: No Element | O63: =((NOT(ISNA(VLOOKUP(M63,Monster!$H$2:$I$6,2,FALSE)))*L63)+J63)*(1+K63/100*0.25) -> 1878 | P63: Lock On | Q63: 1
B64: Dual Slicers | C64: Leather Set | D64: Weapon | E64: Dual Blades | G64: =IF(ISNA(VLOOKUP(F64,Monster!B:E,4,FALSE)),0,VLOOKUP(F64,Monster!B:E,4,FALSE)) -> 0 | I64: Matched Slicers | J64: 1596 | K64: 0 | L64: 0 | M64: No Element | O64: =((NOT(ISNA(VLOOKUP(M64,Monster!$H$2:$I$6,2,FALSE)))*L64)+J64)*(1+K64/100*0.25) -> 1596 | P64: Poison Resistance | Q64: 2
C65: Jagras Set | D65: Weapon | E65: Dual Blades | F65: Great Jagras | G65: =IF(ISNA(VLOOKUP(F65,Monster!B:E,4,FALSE)),0,VLOOKUP(F65,Monster!B:E,4,FALSE)) -> 1 | J65: 1373 | K65: 0 | L65: 607 | M65: Water | O65: =((NOT(ISNA(VLOOKUP(M65,Monster!$H$2:$I$6,2,FALSE)))*L65)+J65)*(1+K65/100*0.25) -> 1980 | P65: Health Boost | Q65: 2
B66: Arcanaria | C66: Kulu Set | D66: Weapon | E66: Dual Blades | F66: Kulu-Ya-Ku | G66: =IF(ISNA(VLOOKUP(F66,Monster!B:E,4,FALSE)),0,VLOOKUP(F66,Monster!B:E,4,FALSE)) -> 2 | I66: Rending Beaks | J66: 1596 | K66: 30 | L66: 0 | M66: No Element | O66: =((NOT(ISNA(VLOOKUP(M66,Monster!$H$2:$I$6,2,FALSE)))*L66)+J66)*(1+K66/100*0.25) -> 1715.7 | P66: Fortify | Q66: 2
C67: Pukei Set | D67: Weapon | E67: Dual Blades | F67: Pukei-Pukei | G67: =IF(ISNA(VLOOKUP(F67,Monster!B:E,4,FALSE)),0,VLOOKUP(F67,Monster!B:E,4,FALSE)) -> 3 | J67: 1596 | K67: 0 | L67: 400 | M67: Poison | O67: =((NOT(ISNA(VLOOKUP(M67,Monster!$H$2:$I$6,2,FALSE)))*L67)+J67)*(1+K67/100*0.25) -> 1596 | P67: Sneak Attack | Q67: 1
C68: Coral Pukei Set | D68: Weapon | E68: Dual Blades | F68: Coral Pukei-Pukei | G68: =IF(ISNA(VLOOKUP(F68,Monster!B:E,4,FALSE)),0,VLOOKUP(F68,Monster!B:E,4,FALSE)) -> 4 | J68: 1221 | K68: 0 | L68: 1142 | M68: Water | O68: =((NOT(ISNA(VLOOKUP(M68,Monster!$H$2:$I$6,2,FALSE)))*L68)+J68)*(1+K68/100*0.25) -> 2363 | P68: Earplugs | Q68: 1
C69: Barroth Set | D69: Weapon | E69: Dual Blades | F69: Barroth | G69: =IF(ISNA(VLOOKUP(F69,Monster!B:E,4,FALSE)),0,VLOOKUP(F69,Monster!B:E,4,FALSE)) -> 5 | J69: 1756 | K69: 0 | L69: 0 | M69: No Element | O69: =((NOT(ISNA(VLOOKUP(M69,Monster!$H$2:$I$6,2,FALSE)))*L69)+J69)*(1+K69/100*0.25) -> 1756 | P69: Defense Boost | Q69: 2
C70: Girros Set | D70: Weapon | E70: Dual Blades | F70: Great Girros | G70: =IF(ISNA(VLOOKUP(F70,Monster!B:E,4,FALSE)),0,VLOOKUP(F70,Monster!B:E,4,FALSE)) -> 6 | J70: 1596 | K70: 0 | L70: 400 | M70: Paralysis | O70: =((NOT(ISNA(VLOOKUP(M70,Monster!$H$2:$I$6,2,FALSE)))*L70)+J70)*(1+K70/100*0.25) -> 1596 | P70: Sneak Attack | Q70: 1
B71: Kadachi Claws | C71: Kadachi Set | D71: Weapon | E71: Dual Blades | F71: Tobi-Kadachi | G71: =IF(ISNA(VLOOKUP(F71,Monster!B:E,4,FALSE)),0,VLOOKUP(F71,Monster!B:E,4,FALSE)) -> 7 | I71: Pulsar Hatchets | J71: 1293 | K71: 0 | L71: 910 | M71: Thunder | O71: =((NOT(ISNA(VLOOKUP(M71,Monster!$H$2:$I$6,2,FALSE)))*L71)+J71)*(1+K71/100*0.25) -> 2203 | P71: Evade Extender | Q71: 1
C72: Paolumu Set | D72: Weapon | E72: Dual Blades | F72: Paolumu | G72: =IF(ISNA(VLOOKUP(F72,Monster!B:E,4,FALSE)),0,VLOOKUP(F72,Monster!B:E,4,FALSE)) -> 8 | J72: 1764 | K72: 0 | L72: 0 | M72: No Element | O72: =((NOT(ISNA(VLOOKUP(M72,Monster!$H$2:$I$6,2,FALSE)))*L72)+J72)*(1+K72/100*0.25) -> 1764 | P72: Divine Blessing | Q72: 2
C73: Nightshade Paolumu Set | D73: Weapon | E73: Dual Blades | F73: Nightshade Paolumu | G73: =IF(ISNA(VLOOKUP(F73,Monster!B:E,4,FALSE)),0,VLOOKUP(F73,Monster!B:E,4,FALSE)) -> 9 | J73: 1756 | K73: 0 | L73: 300 | M73: Sleep | O73: =((NOT(ISNA(VLOOKUP(M73,Monster!$H$2:$I$6,2,FALSE)))*L73)+J73)*(1+K73/100*0.25) -> 1756 | P73: Sneak Attack | Q73: 1
B74: Jyura Hatchets | C74: Jyuratodus Set | D74: Weapon | E74: Dual Blades | F74: Jyuratodus | G74: =IF(ISNA(VLOOKUP(F74,Monster!B:E,4,FALSE)),0,VLOOKUP(F74,Monster!B:E,4,FALSE)) -> 10 | I74: Madness Pangas | J74: 1293 | K74: 0 | L74: 910 | M74: Water | O74: =((NOT(ISNA(VLOOKUP(M74,Monster!$H$2:$I$6,2,FALSE)))*L74)+J74)*(1+K74/100*0.25) -> 2203 | P74: Last Stand | Q74: 1
B75: Anja Cyclone | C75: Anjanath Set | D75: Weapon | E75: Dual Blades | F75: Anjanath | G75: =IF(ISNA(VLOOKUP(F75,Monster!B:E,4,FALSE)),0,VLOOKUP(F75,Monster!B:E,4,FALSE)) -> 11 | I75: Blazing Hatchets | J75: 1293 | K75: 0 | L75: 910 | M75: Fire | O75: =((NOT(ISNA(VLOOKUP(M75,Monster!$H$2:$I$6,2,FALSE)))*L75)+J75)*(1+K75/100*0.25) -> 2203 | P75: Rising Tide | Q75: 1
B76: Fulguring Tornado | C76: Fulgur Set | D76: Weapon | E76: Dual Blades | F76: Fulgur Anjanath | G76: =IF(ISNA(VLOOKUP(F76,Monster!B:E,4,FALSE)),0,VLOOKUP(F76,Monster!B:E,4,FALSE)) -> 12 | I76: Fulguring Tornado | J76: 1197 | K76: 20 | L76: 1154 | M76: Thunder | O76: =((NOT(ISNA(VLOOKUP(M76,Monster!$H$2:$I$6,2,FALSE)))*L76)+J76)*(1+K76/100*0.25) -> 2468.55 | P76: Critical Element | Q76: 1
C77: Rathian Set | D77: Weapon | E77: Dual Blades | F77: Rathian | G77: =IF(ISNA(VLOOKUP(F77,Monster!B:E,4,FALSE)),0,VLOOKUP(F77,Monster!B:E,4,FALSE)) -> 13 | J77: 1516 | K77: 0 | L77: 496 | M77: Poison | O77: =((NOT(ISNA(VLOOKUP(M77,Monster!$H$2:$I$6,2,FALSE)))*L77)+J77)*(1+K77/100*0.25) -> 1516 | P77: Health Boost | Q77: 2
C78: Pink Rathian Set | D78: Weapon | E78: Dual Blades | F78: Pink Rathian | G78: =IF(ISNA(VLOOKUP(F78,Monster!B:E,4,FALSE)),0,VLOOKUP(F78,Monster!B:E,4,FALSE)) -> 14 | J78: 1756 | K78: 0 | L78: 300 | M78: Poison | O78: =((NOT(ISNA(VLOOKUP(M78,Monster!$H$2:$I$6,2,FALSE)))*L78)+J78)*(1+K78/100*0.25) -> 1756 | P78: Evade Extender | Q78: 1
C79: Golden Lune Set | D79: Weapon | E79: Dual Blades | F79: Golden Rathian | G79: =IF(ISNA(VLOOKUP(F79,Monster!B:E,4,FALSE)),0,VLOOKUP(F79,Monster!B:E,4,FALSE)) -> 15 | J79: 1675 | K79: 30 | L79: 399 | M79: Poison | O79: =((NOT(ISNA(VLOOKUP(M79,Monster!$H$2:$I$6,2,FALSE)))*L79)+J79)*(1+K79/100*0.25) -> 1800.625 | P79: Poison Exploit | Q79: 2
B80: Freeze Chain | C80: Legiana Set | D80: Weapon | E80: Dual Blades | F80: Legiana | G80: =IF(ISNA(VLOOKUP(F80,Monster!B:E,4,FALSE)),0,VLOOKUP(F80,Monster!B:E,4,FALSE)) -> 16 | I80: Freeze Daggers | J80: 1221 | K80: 0 | L80: 1142 | M80: Ice | O80: =((NOT(ISNA(VLOOKUP(M80,Monster!$H$2:$I$6,2,FALSE)))*L80)+J80)*(1+K80/100*0.25) -> 2363 | P80: Divine Blessing | Q80: 2
B81: Diablos Clubs | C81: Diablos Set | D81: Weapon | E81: Dual Blades | F81: Diablos | G81: =IF(ISNA(VLOOKUP(F81,Monster!B:E,4,FALSE)),0,VLOOKUP(F81,Monster!B:E,4,FALSE)) -> 17 | I81: Diablos Hatchets | J81: 1979 | K81: 0 | L81: 0 | M81: No Element | O81: =((NOT(ISNA(VLOOKUP(M81,Monster!$H$2:$I$6,2,FALSE)))*L81)+J81)*(1+K81/100*0.25) -> 1979 | P81: Heroics | Q81: 1
B82: Thanatos Mauls | C82: Black Diablos Set | D82: Weapon | E82: Dual Blades | F82: Black Diablos | G82: =IF(ISNA(VLOOKUP(F82,Monster!B:E,4,FALSE)),0,VLOOKUP(F82,Monster!B:E,4,FALSE)) -> 18 | I82: Thanatos Mauls | J82: 2218 | K82: -30 | L82: 0 | M82: No Element | O82: =((NOT(ISNA(VLOOKUP(M82,Monster!$H$2:$I$6,2,FALSE)))*L82)+J82)*(1+K82/100*0.25) -> 2051.65 | P82: Partbreaker | Q82: 1
C83: Rathalos Set | D83: Weapon | E83: Dual Blades | F83: Rathalos | G83: =IF(ISNA(VLOOKUP(F83,Monster!B:E,4,FALSE)),0,VLOOKUP(F83,Monster!B:E,4,FALSE)) -> 19 | J83: 1221 | K83: 0 | L83: 1142 | M83: Fire | O83: =((NOT(ISNA(VLOOKUP(M83,Monster!$H$2:$I$6,2,FALSE)))*L83)+J83)*(1+K83/100*0.25) -> 2363 | P83: Earplugs | Q83: 1
C84: Azure Rathalos Set | D84: Weapon | E84: Dual Blades | F84: Azure Rathalos | G84: =IF(ISNA(VLOOKUP(F84,Monster!B:E,4,FALSE)),0,VLOOKUP(F84,Monster!B:E,4,FALSE)) -> 20 | J84: 1682 | K84: 0 | L84: 605 | M84: Fire | O84: =((NOT(ISNA(VLOOKUP(M84,Monster!$H$2:$I$6,2,FALSE)))*L84)+J84)*(1+K84/100*0.25) -> 2287 | P84: Special Boost | Q84: 1
B85: Wyvern Strife | C85: Silver Sol Set | D85: Weapon | E85: Dual Blades | F85: Silver Rathalos | G85: =IF(ISNA(VLOOKUP(F85,Monster!B:E,4,FALSE)),0,VLOOKUP(F85,Monster!B:E,4,FALSE)) -> 21 | I85: Wyvern Strife | J85: 1258 | K85: 30 | L85: 1082 | M85: Fire | O85: =((NOT(ISNA(VLOOKUP(M85,Monster!$H$2:$I$6,2,FALSE)))*L85)+J85)*(1+K85/100*0.25) -> 2515.5 | P85: Critical Element | Q85: 2
C86: Radobaan Set | D86: Weapon | E86: Dual Blades | F86: Radobaan | G86: =IF(ISNA(VLOOKUP(F86,Monster!B:E,4,FALSE)),0,VLOOKUP(F86,Monster!B:E,4,FALSE)) -> 22 | J86: 1596 | K86: 0 | L86: 400 | M86: Sleep | O86: =((NOT(ISNA(VLOOKUP(M86,Monster!$H$2:$I$6,2,FALSE)))*L86)+J86)*(1+K86/100*0.25) -> 1596 | P86: Defense Boost | Q86: 2
B87: Mammoth Direbones | C87: Banbaro Set | D87: Weapon | E87: Dual Blades | F87: Banbaro | G87: =IF(ISNA(VLOOKUP(F87,Monster!B:E,4,FALSE)),0,VLOOKUP(F87,Monster!B:E,4,FALSE)) -> 23 | I87: Mammoth Direbones | J87: 1764 | K87: 0 | L87: 0 | M87: No Element | O87: =((NOT(ISNA(VLOOKUP(M87,Monster!$H$2:$I$6,2,FALSE)))*L87)+J87)*(1+K87/100*0.25) -> 1764 | P87: Firm Foothold | Q87: 2
B88: Blizzarioths+ | C88: Barioth Set | D88: Weapon | E88: Dual Blades | F88: Barioth | G88: =IF(ISNA(VLOOKUP(F88,Monster!B:E,4,FALSE)),0,VLOOKUP(F88,Monster!B:E,4,FALSE)) -> 24 | I88: Blizzarioths | J88: 1191 | K88: 20 | L88: 910 | M88: Ice | O88: =((NOT(ISNA(VLOOKUP(M88,Monster!$H$2:$I$6,2,FALSE)))*L88)+J88)*(1+K88/100*0.25) -> 2206.05 | P88: Evade Extender | Q88: 1
B89: Despot's Blitz | C89: Zinogre Set | D89: Weapon | E89: Dual Blades | F89: Zinogre | G89: =IF(ISNA(VLOOKUP(F89,Monster!B:E,4,FALSE)),0,VLOOKUP(F89,Monster!B:E,4,FALSE)) -> 25 | I89: Usurper's Fulgur | J89: 1221 | K89: 0 | L89: 1142 | M89: Thunder | O89: =((NOT(ISNA(VLOOKUP(M89,Monster!$H$2:$I$6,2,FALSE)))*L89)+J89)*(1+K89/100*0.25) -> 2363 | P89: Artful Dodger | Q89: 1
B90: Dual Destroyers | C90: Tzitzi Set | D90: Weapon | E90: Dual Blades | F90: Tzitzi-Ya-Ku | G90: =IF(ISNA(VLOOKUP(F90,Monster!B:E,4,FALSE)),0,VLOOKUP(F90,Monster!B:E,4,FALSE)) -> 26 | I90: Luminous Dagger | J90: 1588 | K90: 0 | L90: 632 | M90: Thunder | O90: =((NOT(ISNA(VLOOKUP(M90,Monster!$H$2:$I$6,2,FALSE)))*L90)+J90)*(1+K90/100*0.25) -> 2220 | P90: Lock On | Q90: 1
B91: Blood-drinker Chainblade | C91: Odogaron Set | D91: Weapon | E91: Dual Blades | F91: Odogaron | G91: =IF(ISNA(VLOOKUP(F91,Monster!B:E,4,FALSE)),0,VLOOKUP(F91,Monster!B:E,4,FALSE)) -> 27 | I91: Garon Hatchets | J91: 1719 | K91: 20 | L91: 0 | M91: No Element | O91: =((NOT(ISNA(VLOOKUP(M91,Monster!$H$2:$I$6,2,FALSE)))*L91)+J91)*(1+K91/100*0.25) -> 1804.95 | P91: Evasive Concentration | Q91: 1
B92: Death Row | C92: Death Garon Set | D92: Weapon | E92: Dual Blades | F92: Ebony Odogaron | G92: =IF(ISNA(VLOOKUP(F92,Monster!B:E,4,FALSE)),0,VLOOKUP(F92,Monster!B:E,4,FALSE)) -> 28 | I92: Nether Chainblades | J92: 1138 | K92: 20 | L92: 1156 | M92: Dragon | O92: =((NOT(ISNA(VLOOKUP(M92,Monster!$H$2:$I$6,2,FALSE)))*L92)+J92)*(1+K92/100*0.25) -> 2408.7 | P92: Critical Boost | Q92: 1
B93: Wrathful Predation | C93: Deviljho Set | D93: Weapon | E93: Dual Blades | F93: Deviljho | G93: =IF(ISNA(VLOOKUP(F93,Monster!B:E,4,FALSE)),0,VLOOKUP(F93,Monster!B:E,4,FALSE)) -> 29 | I93: Wrath & Rancor | J93: 1318 | K93: -30 | L93: 1261 | M93: Dragon | O93: =((NOT(ISNA(VLOOKUP(M93,Monster!$H$2:$I$6,2,FALSE)))*L93)+J93)*(1+K93/100*0.25) -> 2385.575 | P93: Slugger | Q93: 1
C94: Basarios Set | D94: Weapon | E94: Dual Blades | F94: Basarios | G94: =IF(ISNA(VLOOKUP(F94,Monster!B:E,4,FALSE)),0,VLOOKUP(F94,Monster!B:E,4,FALSE)) -> 30 | J94: 1666 | K94: -15 | L94: 527 | M94: Fire | O94: =((NOT(ISNA(VLOOKUP(M94,Monster!$H$2:$I$6,2,FALSE)))*L94)+J94)*(1+K94/100*0.25) -> 2110.7625 | P94: Heroics | Q94: 1
C95: Khezu Set | D95: Weapon | E95: Dual Blades | F95: Khezu | G95: =IF(ISNA(VLOOKUP(F95,Monster!B:E,4,FALSE)),0,VLOOKUP(F95,Monster!B:E,4,FALSE)) -> 31 | J95: 1194 | K95: 20 | L95: 913 | M95: Thunder | O95: =((NOT(ISNA(VLOOKUP(M95,Monster!$H$2:$I$6,2,FALSE)))*L95)+J95)*(1+K95/100*0.25) -> 2212.35 | P95: Peak Performance | Q95: 1
B96: Daora's Hook | C96: Kushala Set | D96: Weapon | E96: Dual Blades | F96: Kushala Daora | G96: =IF(ISNA(VLOOKUP(F96,Monster!B:E,4,FALSE)),0,VLOOKUP(F96,Monster!B:E,4,FALSE)) -> 32 | I96: Daora's Hook | J96: 1553 | K96: 0 | L96: 974 | M96: Ice | O96: =((NOT(ISNA(VLOOKUP(M96,Monster!$H$2:$I$6,2,FALSE)))*L96)+J96)*(1+K96/100*0.25) -> 2527 | P96: Windproof | Q96: 2
B97: Evening Dusk | C97: Mizutsune Set | D97: Weapon | E97: Dual Blades | F97: Mizutsune | G97: =IF(ISNA(VLOOKUP(F97,Monster!B:E,4,FALSE)),0,VLOOKUP(F97,Monster!B:E,4,FALSE)) -> 33 | I97: Morning Dawn | J97: 1138 | K97: 20 | L97: 1156 | M97: Water | O97: =((NOT(ISNA(VLOOKUP(M97,Monster!$H$2:$I$6,2,FALSE)))*L97)+J97)*(1+K97/100*0.25) -> 2408.7 | P97: Artful Dodger | Q97: 1
C98: Kaiser Set | D98: Weapon | E98: Dual Blades | F98: Teostra | G98: =IF(ISNA(VLOOKUP(F98,Monster!B:E,4,FALSE)),0,VLOOKUP(F98,Monster!B:E,4,FALSE)) -> 34 | J98: 1684 | K98: 0 | L98: 502 | M98: Blast | O98: =((NOT(ISNA(VLOOKUP(M98,Monster!$H$2:$I$6,2,FALSE)))*L98)+J98)*(1+K98/100*0.25) -> 1684 | P98: Heroics | Q98: 2
B99: Daybreak Daggers | C99: Aknosom Set | D99: Weapon | E99: Dual Blades | F99: Aknosom | G99: =IF(ISNA(VLOOKUP(F99,Monster!B:E,4,FALSE)),0,VLOOKUP(F99,Monster!B:E,4,FALSE)) -> 35 | I99: Schirmscorn | J99: 1588 | K99: 0 | L99: 632 | M99: Fire | O99: =((NOT(ISNA(VLOOKUP(M99,Monster!$H$2:$I$6,2,FALSE)))*L99)+J99)*(1+K99/100*0.25) -> 2220 | P99: Lock On | Q99: 1
B100: Sinister Famineblades | C100: Sinister Set | D100: Weapon | E100: Dual Blades | F100: Magnamalo | G100: =IF(ISNA(VLOOKUP(F100,Monster!B:E,4,FALSE)),0,VLOOKUP(F100,Monster!B:E,4,FALSE)) -> 36 | I100: Sinister Blades | J100: 1516 | K100: 0 | L100: 496 | M100: Blast | O100: =((NOT(ISNA(VLOOKUP(M100,Monster!$H$2:$I$6,2,FALSE)))*L100)+J100)*(1+K100/100*0.25) -> 1516 | P100: Partbreaker | Q100: 1
B101: Suzuka Otakemaru | C101: Golden Set | D101: Weapon | E101: Dual Blades | F101: Rajang | G101: =IF(ISNA(VLOOKUP(F101,Monster!B:E,4,FALSE)),0,VLOOKUP(F101,Monster!B:E,4,FALSE)) -> 37 | I101: Suzuka Takamaru | J101: 1318 | K101: -30 | L101: 1261 | M101: Thunder | O101: =((NOT(ISNA(VLOOKUP(M101,Monster!$H$2:$I$6,2,FALSE)))*L101)+J101)*(1+K101/100*0.25) -> 2385.575 | P101: Partbreaker | Q101: 1
...

Sheet Weapon_Filtered
A1: id | B1: name | C1: set_name | D1: body_part | E1: body_part_name | F1: monster_name | G1: monster_id | H1: skill_slot | I1: weapon_low_level_alias | J1: weapon_attack | K1: weapon_affinity | L1: weapon_element_value | M1: weapon_element_type | V1: #dup_id | X1: #dup_id
A2: 1 | B2: Steel Knife | C2: Leather Set | D2: Weapon | E2: Sword & Shield | G2: =IF(ISNA(VLOOKUP(F2,Monster!B:E,4,FALSE)),0,VLOOKUP(F2,Monster!B:E,4,FALSE)) -> 0 | I2: Hunter's Knife | J2: 1596 | K2: 0 | L2: 0 | M2: No Element | N2: =((NOT(ISNA(VLOOKUP(M2,Monster!$H$2:$I$6,2,FALSE)))*L2)+J2)*(1+K2/100*0.25) -> 1596 | O2: =M2&" - "&N2 -> No Element - 1596 | P2: Poison Resistance | Q2: 2 | V2: =A2 -> 1 | W2: =L2/(J2+L2) -> 0
A3: 2 | B3: Jagras Garotte | C3: Jagras Set | D3: Weapon | E3: Sword & Shield | F3: Great Jagras | G3: =IF(ISNA(VLOOKUP(F3,Monster!B:E,4,FALSE)),0,VLOOKUP(F3,Monster!B:E,4,FALSE)) -> 1 | I3: Jagras Edge | J3: 1373 | K3: 0 | L3: 607 | M3: Water | N3: =((NOT(ISNA(VLOOKUP(M3,Monster!$H$2:$I$6,2,FALSE)))*L3)+J3)*(1+K3/100*0.25) -> 1980 | O3: =M3&" - "&N3 -> Water - 1980 | P3: Health Boost | Q3: 2 | V3: =A3 -> 2 | W3: =L3/(J3+L3) -> 0.30656566
A4: 3 | B4: Datura Blossom | C4: Pukei Set | D4: Weapon | E4: Sword & Shield | F4: Pukei-Pukei | G4: =IF(ISNA(VLOOKUP(F4,Monster!B:E,4,FALSE)),0,VLOOKUP(F4,Monster!B:E,4,FALSE)) -> 3 | I4: Blooming Knife | J4: 1596 | K4: 0 | L4: 400 | M4: Poison | N4: =((NOT(ISNA(VLOOKUP(M4,Monster!$H$2:$I$6,2,FALSE)))*L4)+J4)*(1+K4/100*0.25) -> 1596 | O4: =M4&" - "&N4 -> Poison - 1596 | P4: Sneak Attack | Q4: 1 | V4: =A4 -> 3 | W4: =L4/(J4+L4) -> 0.2004008
A5: 4 | B5: Laguna Blossom | C5: Coral Pukei Set | D5: Weapon | E5: Sword & Shield | F5: Coral Pukei-Pukei | G5: =IF(ISNA(VLOOKUP(F5,Monster!B:E,4,FALSE)),0,VLOOKUP(F5,Monster!B:E,4,FALSE)) -> 4 | I5: Laguna Blossom | J5: 1221 | K5: 0 | L5: 1142 | M5: Water | N5: =((NOT(ISNA(VLOOKUP(M5,Monster!$H$2:$I$6,2,FALSE)))*L5)+J5)*(1+K5/100*0.25) -> 2363 | O5: =M5&" - "&N5 -> Water - 2363 | P5: Earplugs | Q5: 1 | V5: =A5 -> 4 | W5: =L5/(J5+L5) -> 0.48328396
A6: 5 | B6: Barroth Club | C6: Barroth Set | D6: Weapon | E6: Sword & Shield | F6: Barroth | G6: =IF(ISNA(VLOOKUP(F6,Monster!B:E,4,FALSE)),0,VLOOKUP(F6,Monster!B:E,4,FALSE)) -> 5 | I6: Carapace Edge | J6: 1756 | K6: 0 | L6: 0 | M6: No Element | N6: =((NOT(ISNA(VLOOKUP(M6,Monster!$H$2:$I$6,2,FALSE)))*L6)+J6)*(1+K6/100*0.25) -> 1756 | O6: =M6&" - "&N6 -> No Element - 1756 | P6: Defense Boost | Q6: 2 | V6: =A6 -> 5 | W6: =L6/(J6+L6) -> 0
A7: 6 | B7: Malady's Tabar | C7: Girros Set | D7: Weapon | E7: Sword & Shield | F7: Great Girros | G7: =IF(ISNA(VLOOKUP(F7,Monster!B:E,4,FALSE)),0,VLOOKUP(F7,Monster!B:E,4,FALSE)) -> 6 | I7: Girros Knife | J7: 1596 | K7: 0 | L7: 400 | M7: Paralysis | N7: =((NOT(ISNA(VLOOKUP(M7,Monster!$H$2:$I$6,2,FALSE)))*L7)+J7)*(1+K7/100*0.25) -> 1596 | O7: =M7&" - "&N7 -> Paralysis - 1596 | P7: Sneak Attack | Q7: 1 | V7: =A7 -> 6 | W7: =L7/(J7+L7) -> 0.2004008
A8: 7 | B8: Lightning Nemesis | C8: Kadachi Set | D8: Weapon | E8: Sword & Shield | F8: Tobi-Kadachi | G8: =IF(ISNA(VLOOKUP(F8,Monster!B:E,4,FALSE)),0,VLOOKUP(F8,Monster!B:E,4,FALSE)) -> 7 | I8: Thunder Edge | J8: 1293 | K8: 0 | L8: 910 | M8: Thunder | N8: =((NOT(ISNA(VLOOKUP(M8,Monster!$H$2:$I$6,2,FALSE)))*L8)+J8)*(1+K8/100*0.25) -> 2203 | O8: =M8&" - "&N8 -> Thunder - 2203 | P8: Evade Extender | Q8: 1 | V8: =A8 -> 7 | W8: =L8/(J8+L8) -> 0.41307308
A9: 8 | B9: Lumu Tabar | C9: Paolumu Set | D9: Weapon | E9: Sword & Shield | F9: Paolumu | G9: =IF(ISNA(VLOOKUP(F9,Monster!B:E,4,FALSE)),0,VLOOKUP(F9,Monster!B:E,4,FALSE)) -> 8 | I9: Lumu Knife | J9: 1764 | K9: 0 | L9: 0 | M9: No Element | N9: =((NOT(ISNA(VLOOKUP(M9,Monster!$H$2:$I$6,2,FALSE)))*L9)+J9)*(1+K9/100*0.25) -> 1764 | O9: =M9&" - "&N9 -> No Element - 1764 | P9: Divine Blessing | Q9: 2 | V9: =A9 -> 8 | W9: =L9/(J9+L9) -> 0
A10: 9 | B10: Nyx Tabar | C10: Nightshade Paolumu Set | D10: Weapon | E10: Sword & Shield | F10: Nightshade Paolumu | G10: =IF(ISNA(VLOOKUP(F10,Monster!B:E,4,FALSE)),0,VLOOKUP(F10,Monster!B:E,4,FALSE)) -> 9 | I10: Nyx Tabar | J10: 1756 | K10: 0 | L10: 300 | M10: Sleep | N10: =((NOT(ISNA(VLOOKUP(M10,Monster!$H$2:$I$6,2,FALSE)))*L10)+J10)*(1+K10/100*0.25) -> 1756 | O10: =M10&" - "&N10 -> Sleep - 1756 | P10: Sneak Attack | Q10: 1 | V10: =A10 -> 9 | W10: =L10/(J10+L10) -> 0.1459144
A11: 10 | B11: Rogue Wave | C11: Jyuratodus Set | D11: Weapon | E11: Sword & Shield | F11: Jyuratodus | G11: =IF(ISNA(VLOOKUP(F11,Monster!B:E,4,FALSE)),0,VLOOKUP(F11,Monster!B:E,4,FALSE)) -> 10 | I11: Aqua Messer | J11: 1293 | K11: 0 | L11: 910 | M11: Water | N11: =((NOT(ISNA(VLOOKUP(M11,Monster!$H$2:$I$6,2,FALSE)))*L11)+J11)*(1+K11/100*0.25) -> 2203 | O11: =M11&" - "&N11 -> Water - 2203 | P11: Last Stand | Q11: 1 | V11: =A11 -> 10 | W11: =L11/(J11+L11) -> 0.41307308
A12: 11 | B12: Flammensucher | C12: Anjanath Set | D12: Weapon | E12: Sword & Shield | F12: Anjanath | G12: =IF(ISNA(VLOOKUP(F12,Monster!B:E,4,FALSE)),0,VLOOKUP(F12,Monster!B:E,4,FALSE)) -> 11 | I12: Blazing Edge | J12: 1293 | K12: 0 | L12: 910 | M12: Fire | N12: =((NOT(ISNA(VLOOKUP(M12,Monster!$H$2:$I$6,2,FALSE)))*L12)+J12)*(1+K12/100*0.25) -> 2203 | O12: =M12&" - "&N12 -> Fire - 2203 | P12: Rising Tide | Q12: 1 | V12: =A12 -> 11 | W12: =L12/(J12+L12) -> 0.41307308
A13: 12 | B13: Donnersieger | C13: Fulgur Set | D13: Weapon | E13: Sword & Shield | F13: Fulgur Anjanath | G13: =IF(ISNA(VLOOKUP(F13,Monster!B:E,4,FALSE)),0,VLOOKUP(F13,Monster!B:E,4,FALSE)) -> 12 | I13: Donnersieger | J13: 1197 | K13: 20 | L13: 1154 | M13: Thunder | N13: =((NOT(ISNA(VLOOKUP(M13,Monster!$H$2:$I$6,2,FALSE)))*L13)+J13)*(1+K13/100*0.25) -> 2468.55 | O13: =M13&" - "&N13 -> Thunder - 2468.55 | P13: Critical Element | Q13: 1 | V13: =A13 -> 12 | W13: =L13/(J13+L13) -> 0.49085496
A14: 13 | B14: Queen Rapier | C14: Rathian Set | D14: Weapon | E14: Sword & Shield | F14: Rathian | G14: =IF(ISNA(VLOOKUP(F14,Monster!B:E,4,FALSE)),0,VLOOKUP(F14,Monster!B:E,4,FALSE)) -> 13 | I14: Princess Rapier | J14: 1516 | K14: 0 | L14: 496 | M14: Poison | N14: =((NOT(ISNA(VLOOKUP(M14,Monster!$H$2:$I$6,2,FALSE)))*L14)+J14)*(1+K14/100*0.25) -> 1516 | O14: =M14&" - "&N14 -> Poison - 1516 | P14: Health Boost | Q14: 2 | V14: =A14 -> 13 | W14: =L14/(J14+L14) -> 0.24652087
... A25: 24 | B25: Painful Razor | C25: Khezu Set | D25: Weapon | E25: Sword & Shield | F25: Khezu | G25: =IF(ISNA(VLOOKUP(F25,Monster!B:E,4,FALSE)),0,VLOOKUP(F25,Monster!B:E,4,FALSE)) -> 31 | I25: Khezu Razor | J25: 1194 | K25: 20 | L25: 913 | M25: Thunder | N25: =((NOT(ISNA(VLOOKUP(M25,Monster!$H$2:$I$6,2,FALSE)))*L25)+J25)*(1+K25/100*0.25) -> 2212.35 | O25: =M25&" - "&N25 -> Thunder - 2212.35 | P25: Peak Performance | Q25: 1 | V25: =A25 -> 24 | W25: =L25/(J25+L25) -> 0.43331751
A26: 25 | B26: Daora's Razor | C26: Kushala Set | D26: Weapon | E26: Sword & Shield | F26: Kushala Daora | G26: =IF(ISNA(VLOOKUP(F26,Monster!B:E,4,FALSE)),0,VLOOKUP(F26,Monster!B:E,4,FALSE)) -> 32 | I26: Daora's Razor | J26: 1553 | K26: 0 | L26: 974 | M26: Ice | N26: =((NOT(ISNA(VLOOKUP(M26,Monster!$H$2:$I$6,2,FALSE)))*L26)+J26)*(1+K26/100*0.25) -> 2527 | O26: =M26&" - "&N26 -> Ice - 2527 | P26: Windproof | Q26: 2 | R26: Hunter's Unity | V26: =A26 -> 25 | W26: =L26/(J26+L26) -> 0.38543728
A27: 26 | B27: Kurenawi Ougi | C27: Mizutsune Set | D27: Weapon | E27: Sword & Shield | F27: Mizutsune | G27: =IF(ISNA(VLOOKUP(F27,Monster!B:E,4,FALSE)),0,VLOOKUP(F27,Monster!B:E,4,FALSE)) -> 33 | I27: Hana no Nagoriwo | J27: 1138 | K27: 20 | L27: 1156 | M27: Water | N27: =((NOT(ISNA(VLOOKUP(M27,Monster!$H$2:$I$6,2,FALSE)))*L27)+J27)*(1+K27/100*0.25) -> 2408.7 | O27: =M27&" - "&N27 -> Water - 2408.7 | P27: Artful Dodger | Q27: 1 | V27: =A27 -> 26 | W27: =L27/(J27+L27) -> 0.50392328
A28: 27 | B28: Teostra's Emblem | C28: Kaiser Set | D28: Weapon | E28: Sword & Shield | F28: Teostra | G28: =IF(ISNA(VLOOKUP(F28,Monster!B:E,4,FALSE)),0,VLOOKUP(F28,Monster!B:E,4,FALSE)) -> 34 | I28: Teostra's Emblem | J28: 1684 | K28: 0 | L28: 502 | M28: Blast | N28: =((NOT(ISNA(VLOOKUP(M28,Monster!$H$2:$I$6,2,FALSE)))*L28)+J28)*(1+K28/100*0.25) -> 1684 | O28: =M28&" - "&N28 -> Blast - 1684 | P28: Heroics | Q28: 2 | R28: Hunter's Unity | V28: =A28 -> 27 | W28: =L28/(J28+L28) -> 0.22964318
A29: 28 | B29: Sinister Shadekeeper | C29: Sinister Set | D29: Weapon | E29: Sword & Shield | F29: Magnamalo | G29: =IF(ISNA(VLOOKUP(F29,Monster!B:E,4,FALSE)),0,VLOOKUP(F29,Monster!B:E,4,FALSE)) -> 36 | I29: Sinister Sword | J29: 1516 | K29: 0 | L29: 496 | M29: Blast | N29: =((NOT(ISNA(VLOOKUP(M29,Monster!$H$2:$I$6,2,FALSE)))*L29)+J29)*(1+K29/100*0.25) -> 1516 | O29: =M29&" - "&N29 -> Blast - 1516 | P29: Partbreaker | Q29: 1 | V29: =A29 -> 28 | W29: =L29/(J29+L29) -> 0.24652087
A30: 29 | B30: Banned Rajang Club | C30: Golden Set | D30: Weapon | E30: Sword & Shield | F30: Rajang | G30: =IF(ISNA(VLOOKUP(F30,Monster!B:E,4,FALSE)),0,VLOOKUP(F30,Monster!B:E,4,FALSE)) -> 37 | I30: Rajang Club | J30: 1318 | K30: -30 | L30: 1261 | M30: Thunder | N30: =((NOT(ISNA(VLOOKUP(M30,Monster!$H$2:$I$6,2,FALSE)))*L30)+J30)*(1+K30/100*0.25) -> 2385.575 | O30: =M30&" - "&N30 -> Thunder - 2385.575 | P30: Partbreaker | Q30: 1 | V30: =A30 -> 29 | W30: =L30/(J30+L30) -> 0.48894921
A31: 30 | B31: Eradication Vanguard | C31: Nergigante Set | D31: Weapon | E31: Sword & Shield | F31: Nergigante | G31: =IF(ISNA(VLOOKUP(F31,Monster!B:E,4,FALSE)),0,VLOOKUP(F31,Monster!B:E,4,FALSE)) -> 38 | I31: Eradication Vanguard | J31: 1553 | K31: 0 | L31: 974 | M31: Dragon | N31: =((NOT(ISNA(VLOOKUP(M31,Monster!$H$2:$I$6,2,FALSE)))*L31)+J31)*(1+K31/100*0.25) -> 2527 | O31: =M31&" - "&N31 -> Dragon - 2527 | P31: Partbreaker | Q31: 2 | R31: Hunter's Unity | V31: =A31 -> 30 | W31: =L31/(J31+L31) -> 0.38543728
A32: 31 | B32: Rex Talon+ | C32: Tigrex Set | D32: Weapon | E32: Sword & Shield | F32: Tigrex | G32: =IF(ISNA(VLOOKUP(F32,Monster!B:E,4,FALSE)),0,VLOOKUP(F32,Monster!B:E,4,FALSE)) -> 42 | I32: Rex Talon | J32: 2198 | K32: -40 | L32: 0 | M32: No Element | N32: =((NOT(ISNA(VLOOKUP(M32,Monster!$H$2:$I$6,2,FALSE)))*L32)+J32)*(1+K32/100*0.25) -> 1978.2 | O32: =M32&" - "&N32 -> No Element - 1978.2 | P32: Critical Ferocity | Q32: 1 | V32: =A32 -> 31 | W32: =L32/(J32+L32) -> 0
A33: 32 | B33: Stonebite | C33: Rex Roar Set | D33: Weapon | E33: Sword & Shield | F33: Brute Tigrex | G33: =IF(ISNA(VLOOKUP(F33,Monster!B:E,4,FALSE)),0,VLOOKUP(F33,Monster!B:E,4,FALSE)) -> 43 | I33: Accursed Claw | J33: 2198 | K33: -10 | L33: 0 | M33: No Element | N33: =((NOT(ISNA(VLOOKUP(M33,Monster!$H$2:$I$6,2,FALSE)))*L33)+J33)*(1+K33/100*0.25) -> 2143.05 | O33: =M33&" - "&N33 -> No Element - 2143.05 | P33: Aggressive Dodger | Q33: 5 | V33: =A33 -> 32 | W33: =L33/(J33+L33) -> 0
A34: 33 | B34: Fulminator | C34: Kirin Set | D34: Weapon | E34: Sword & Shield | F34: Kirin | G34: =IF(ISNA(VLOOKUP(F34,Monster!B:E,4,FALSE)),0,VLOOKUP(F34,Monster!B:E,4,FALSE)) -> 44 | I34: Fulminator | J34: 1205 | K34: 0 | L34: 1305 | M34: Thunder | N34: =((NOT(ISNA(VLOOKUP(M34,Monster!$H$2:$I$6,2,FALSE)))*L34)+J34)*(1+K34/100*0.25) -> 2510 | O34: =M34&" - "&N34 -> Thunder - 2510 | P34: Latent Power | Q34: 1 | R34: Hunter's Unity | V34: =A34 -> 33 | W34: =L34/(J34+L34) -> 0.51992032
A35: 34 | B35: Shrouded Katalo | C35: Chatacabra Set | D35: Weapon | E35: Sword & Shield | F35: Chatacabra | G35: =IF(ISNA(VLOOKUP(F35,Monster!B:E,4,FALSE)),0,VLOOKUP(F35,Monster!B:E,4,FALSE)) -> 46 | I35: Chata Club | J35: 1834 | K35: 10 | L35: 0 | M35: No Element | N35: =((NOT(ISNA(VLOOKUP(M35,Monster!$H$2:$I$6,2,FALSE)))*L35)+J35)*(1+K35/100*0.25) -> 1879.85 | O35: =M35&" - "&N35 -> No Element - 1879.85 | P35: Litheness | Q35: 1 | V35: =A35 -> 34 | W35: =L35/(J35+L35) -> 0
A36: 35 | B36: Glavenus Razor | C36: Glavenus Set | D36: Weapon | E36: Sword & Shield | F36: Glavenus | G36: =IF(ISNA(VLOOKUP(F36,Monster!B:E,4,FALSE)),0,VLOOKUP(F36,Monster!B:E,4,FALSE)) -> 48 | I36: Glavenus Razor | J36: 1318 | K36: -30 | L36: 1261 | M36: Fire | N36: =((NOT(ISNA(VLOOKUP(M36,Monster!$H$2:$I$6,2,FALSE)))*L36)+J36)*(1+K36/100*0.25) -> 2385.575 | O36: =M36&" - "&N36 -> Fire - 2385.575 | P36: Critical Ferocity | Q36: 1 | V36: =A36 -> 35 | W36: =L36/(J36+L36) -> 0.48894921
A37: 36 | B37: Dirty Marquis | C37: Wroggi Set | D37: Weapon | E37: Sword & Shield | F37: Great Wroggi | G37: =IF(ISNA(VLOOKUP(F37,Monster!B:E,4,FALSE)),0,VLOOKUP(F37,Monster!B:E,4,FALSE)) -> 50 | I37: Dirty Baron | J37: 1647 | K37: 10 | L37: 307 | M37: Poison | N37: =((NOT(ISNA(VLOOKUP(M37,Monster!$H$2:$I$6,2,FALSE)))*L37)+J37)*(1+K37/100*0.25) -> 1688.175 | O37: =M37&" - "&N37 -> Poison - 1688.175 | P37: Lock On | Q37: 1 | V37: =A37 -> 36 | W37: =L37/(J37+L37) -> 0.15711361
A38: 37 | B38: Shaucha Pureblade | C38: Bishaten Set | D38: Weapon | E38: Sword & Shield | F38: Bishaten | G38: =IF(ISNA(VLOOKUP(F38,Monster!B:E,4,FALSE)),0,VLOOKUP(F38,Monster!B:E,4,FALSE)) -> 51 | I38: Exorcising Sword | J38: 1764 | K38: 0 | L38: 0 | M38: No Element | N38: =((NOT(ISNA(VLOOKUP(M38,Monster!$H$2:$I$6,2,FALSE)))*L38)+J38)*(1+K38/100*0.25) -> 1764 | O38: =M38&" - "&N38 -> No Element - 1764 | P38: Shared Sword | Q38: 2 | V38: =A38 -> 37 | W38: =L38/(J38+L38) -> 0
A39: 38 | B39: Hidden Edge | C39: Nargacuga Set | D39: Weapon | E39: Sword & Shield | F39: Nargacuga | G39: =IF(ISNA(VLOOKUP(F39,Monster!B:E,4,FALSE)),0,VLOOKUP(F39,Monster!B:E,4,FALSE)) -> 53 | I39: Hidden Edge | J39: 1738 | K39: 40 | L39: 0 | M39: No Element | N39: =((NOT(ISNA(VLOOKUP(M39,Monster!$H$2:$I$6,2,FALSE)))*L39)+J39)*(1+K39/100*0.25) -> 1911.8 | O39: =M39&" - "&N39 -> No Element - 1911.8 | P39: Resuscitate | Q39: 2 | V39: =A39 -> 38 | W39: =L39/(J39+L39) -> 0
A40: 39 | B40: Hydros Discus | C40: Tentacle Set | D40: Weapon | E40: Sword & Shield | F40: Namielle | G40: =IF(ISNA(VLOOKUP(F40,Monster!B:E,4,FALSE)),0,VLOOKUP(F40,Monster!B:E,4,FALSE)) -> 54 | I40: Hydros Discus | J40: 1328 | K40: 20 | L40: 1074 | M40: Water | N40: =((NOT(ISNA(VLOOKUP(M40,Monster!$H$2:$I$6,2,FALSE)))*L40)+J40)*(1+K40/100*0.25) -> 2522.1 | O40: =M40&" - "&N40 -> Water - 2522.1 | P40: Weakness Exploit | Q40: 1 | R40: Hunter's Unity | V40: =A40 -> 39 | W40: =L40/(J40+L40) -> 0.44712739
A41: 40 | B41: Golm Sword | C41: Garangolm Set | D41: Weapon | E41: Sword & Shield | F41: Garangolm | G41: =IF(ISNA(VLOOKUP(F41,Monster!B:E,4,FALSE)),0,VLOOKUP(F41,Monster!B:E,4,FALSE)) -> 55 | I41: Golm Sword | J41: 1979 | K41: 0 | L41: 0 | M41: No Element | N41: =((NOT(ISNA(VLOOKUP(M41,Monster!$H$2:$I$6,2,FALSE)))*L41)+J41)*(1+K41/100*0.25) -> 1979 | O41: =M41&" - "&N41 -> No Element - 1979 | P41: Reckless | Q41: 1 | V41: =A41 -> 40 | W41: =L41/(J41+L41) -> 0
A42: 41 | B42: Frostmoon Hatchet | C42: Lunagaron Set | D42: Weapon | E42: Sword & Shield | F42: Lunagaron | G42: =IF(ISNA(VLOOKUP(F42,Monster!B:E,4,FALSE)),0,VLOOKUP(F42,Monster!B:E,4,FALSE)) -> 56 | I42: Frostmoon Hatchet | J42: 1020 | K42: 0 | L42: 1173 | M42: Ice | N42: =((NOT(ISNA(VLOOKUP(M42,Monster!$H$2:$I$6,2,FALSE)))*L42)+J42)*(1+K42/100*0.25) -> 2193 | O42: =M42&" - "&N42 -> Ice - 2193 | P42: Vital Ice | Q42: 1 | V42: =A42 -> 41 | W42: =L42/(J42+L42) -> 0.53488372
A43: 42 | B43: Rosenmesser | C43: Espinas Set | D43: Weapon | E43: Sword & Shield | F43: Espinas | G43: =IF(ISNA(VLOOKUP(F43,Monster!B:E,4,FALSE)),0,VLOOKUP(F43,Monster!B:E,4,FALSE)) -> 57 | I43: Rosenmesser | J43: 1197 | K43: 20 | L43: 1154 | M43: Fire | N43: =((NOT(ISNA(VLOOKUP(M43,Monster!$H$2:$I$6,2,FALSE)))*L43)+J43)*(1+K43/100*0.25) -> 2468.55 | O43: =M43&" - "&N43 -> Fire - 2468.55 | P43: Special Partbreaker | Q43: 2 | V43: =A43 -> 42 | W43: =L43/(J43+L43) -> 0.49085496
A44: 43 | B44: Bloodlust Blade | C44: Malzeno Set | D44: Weapon | E44: Sword & Shield | F44: Malzeno | G44: =IF(ISNA(VLOOKUP(F44,Monster!B:E,4,FALSE)),0,VLOOKUP(F44,Monster!B:E,4,FALSE)) -> 58 | I44: Bloodlust Blade | J44: 1205 | K44: 0 | L44: 1305 | M44: Dragon | N44: =((NOT(ISNA(VLOOKUP(M44,Monster!$H$2:$I$6,2,FALSE)))*L44)+J44)*(1+K44/100*0.25) -> 2510 | O44: =M44&" - "&N44 -> Dragon - 2510 | P44: Vital Dragon | Q44: 1 | R44: Hunter's Unity | V44: =A44 -> 43 | W44: =L44/(J44+L44) -> 0.51992032
A45: 44 | B45: Chief Kukri | C45: Bone Set | D45: Weapon | E45: Sword & Shield | G45: =IF(ISNA(VLOOKUP(F45,Monster!B:E,4,FALSE)),0,VLOOKUP(F45,Monster!B:E,4,FALSE)) -> 0 | I45: Bone Kukri | J45: 1596 | K45: 0 | L45: 0 | M45: No Element | N45: =((NOT(ISNA(VLOOKUP(M45,Monster!$H$2:$I$6,2,FALSE)))*L45)+J45)*(1+K45/100*0.25) -> 1596 | O45: =M45&" - "&N45 -> No Element - 1596 | P45: Concentration | Q45: 1 | V45: =A45 -> 44 | W45: =L45/(J45+L45) -> 0
A46: 45 | B46: MrBeast Sword & Shield | C46: MrBeast Set | D46: Weapon | E46: Sword & Shield | G46: =IF(ISNA(VLOOKUP(F46,Monster!B:E,4,FALSE)),0,VLOOKUP(F46,Monster!B:E,4,FALSE)) -> 0 | I46: MrBeast Sword & Shield | J46: 1821 | K46: 30 | L46: 0 | M46: No Element | N46: =((NOT(ISNA(VLOOKUP(M46,Monster!$H$2:$I$6,2,FALSE)))*L46)+J46)*(1+K46/100*0.25) -> 1957.575 | O46: =M46&" - "&N46 -> No Element - 1957.575 | P46: MrBeast Challenge! | Q46: 1 | V46: =A46 -> 45 | W46: =L46/(J46+L46) -> 0
A47: 46 | B47: Esperanza Sword | C47: Hope Set | D47: Weapon | E47: Sword & Shield | G47: =IF(ISNA(VLOOKUP(F47,Monster!B:E,4,FALSE)),0,VLOOKUP(F47,Monster!B:E,4,FALSE)) -> 0 | I47: Hope Sword | J47: 1878 | K47: 0 | L47: 0 | M47: No Element | N47: =((NOT(ISNA(VLOOKUP(M47,Monster!$H$2:$I$6,2,FALSE)))*L47)+J47)*(1+K47/100*0.25) -> 1878 | O47: =M47&" - "&N47 -> No Element - 1878 | P47: Lock On | Q47: 1 | V47: =A47 -> 46 | W47: =L47/(J47+L47) -> 0
A48: 47 | B48: Dual Slicers | C48: Leather Set | D48: Weapon | E48: Dual Blades | G48: =IF(ISNA(VLOOKUP(F48,Monster!B:E,4,FALSE)),0,VLOOKUP(F48,Monster!B:E,4,FALSE)) -> 0 | I48: Matched Slicers | J48: 1596 | K48: 0 | L48: 0 | M48: No Element | N48: =((NOT(ISNA(VLOOKUP(M48,Monster!$H$2:$I$6,2,FALSE)))*L48)+J48)*(1+K48/100*0.25) -> 1596 | O48: =M48&" - "&N48 -> No Element - 1596 | P48: Poison Resistance | Q48: 2 | V48: =A48 -> 47 | W48: =L48/(J48+L48) -> 0
A49: 48 | B49: Arcanaria | C49: Kulu Set | D49: Weapon | E49: Dual Blades | F49: Kulu-Ya-Ku | G49: =IF(ISNA(VLOOKUP(F49,Monster!B:E,4,FALSE)),0,VLOOKUP(F49,Monster!B:E,4,FALSE)) -> 2 | I49: Rending Beaks | J49: 1596 | K49: 30 | L49: 0 | M49: No Element | N49: =((NOT(ISNA(VLOOKUP(M49,Monster!$H$2:$I$6,2,FALSE)))*L49)+J49)*(1+K49/100*0.25) -> 1715.7 | O49: =M49&" - "&N49 -> No Element - 1715.7 | P49: Fortify | Q49: 2 | V49: =A49 -> 48 | W49: =L49/(J49+L49) -> 0
A50: 49 | B50: Kadachi Claws | C50: Kadachi Set | D50: Weapon | E50: Dual Blades | F50: Tobi-Kadachi | G50: =IF(ISNA(VLOOKUP(F50,Monster!B:E,4,FALSE)),0,VLOOKUP(F50,Monster!B:E,4,FALSE)) -> 7 | I50: Pulsar Hatchets | J50: 1293 | K50: 0 | L50: 910 | M50: Thunder | N50: =((NOT(ISNA(VLOOKUP(M50,Monster!$H$2:$I$6,2,FALSE)))*L50)+J50)*(1+K50/100*0.25) -> 2203 | O50: =M50&" - "&N50 -> Thunder - 2203 | P50: Evade Extender | Q50: 1 | V50: =A50 -> 49 | W50: =L50/(J50+L50) -> 0.41307308
A51: 50 | B51: Jyura Hatchets | C51: Jyuratodus Set | D51: Weapon | E51: Dual Blades | F51: Jyuratodus | G51: =IF(ISNA(VLOOKUP(F51,Monster!B:E,4,FALSE)),0,VLOOKUP(F51,Monster!B:E,4,FALSE)) -> 10 | I51: Madness Pangas | J51: 1293 | K51: 0 | L51: 910 | M51: Water | N51: =((NOT(ISNA(VLOOKUP(M51,Monster!$H$2:$I$6,2,FALSE)))*L51)+J51)*(1+K51/100*0.25) -> 2203 | O51: =M51&" - "&N51 -> Water - 2203 | P51: Last Stand | Q51: 1 | V51: =A51 -> 50 | W51: =L51/(J51+L51) -> 0.41307308
A52: 51 | B52: Anja Cyclone | C52: Anjanath Set | D52: Weapon | E52: Dual Blades | F52: Anjanath | G52: =IF(ISNA(VLOOKUP(F52,Monster!B:E,4,FALSE)),0,VLOOKUP(F52,Monster!B:E,4,FALSE)) -> 11 | I52: Blazing Hatchets | J52: 1293 | K52: 0 | L52: 910 | M52: Fire | N52: =((NOT(ISNA(VLOOKUP(M52,Monster!$H$2:$I$6,2,FALSE)))*L52)+J52)*(1+K52/100*0.25) -> 2203 | O52: =M52&" - "&N52 -> Fire - 2203 | P52: Rising Tide | Q52: 1 | V52: =A52 -> 51 | W52: =L52/(J52+L52) -> 0.41307308
A53: 52 | B53: Fulguring Tornado | C53: Fulgur Set | D53: Weapon | E53: Dual Blades | F53: Fulgur Anjanath | G53: =IF(ISNA(VLOOKUP(F53,Monster!B:E,4,FALSE)),0,VLOOKUP(F53,Monster!B:E,4,FALSE)) -> 12 | I53: Fulguring Tornado | J53: 1197 | K53: 20 | L53: 1154 | M53: Thunder | N53: =((NOT(ISNA(VLOOKUP(M53,Monster!$H$2:$I$6,2,FALSE)))*L53)+J53)*(1+K53/100*0.25) -> 2468.55 | O53: =M53&" - "&N53 -> Thunder - 2468.55 | P53: Critical Element | Q53: 1 | V53: =A53 -> 52 | W53: =L53/(J53+L53) -> 0.49085496
A54: 53 | B54: Freeze Chain | C54: Legiana Set | D54: Weapon | E54: Dual Blades | F54: Legiana | G54: =IF(ISNA(VLOOKUP(F54,Monster!B:E,4,FALSE)),0,VLOOKUP(F54,Monster!B:E,4,FALSE)) -> 16 | I54: Freeze Daggers | J54: 1221 | K54: 0 | L54: 1142 | M54: Ice | N54: =((NOT(ISNA(VLOOKUP(M54,Monster!$H$2:$I$6,2,FALSE)))*L54)+J54)*(1+K54/100*0.25) -> 2363 | O54: =M54&" - "&N54 -> Ice - 2363 | P54: Divine Blessing | Q54: 2 | V54: =A54 -> 53 | W54: =L54/(J54+L54) -> 0.48328396
A55: 54 | B55: Diablos Clubs | C55: Diablos Set | D55: Weapon | E55: Dual Blades | F55: Diablos | G55: =IF(ISNA(VLOOKUP(F55,Monster!B:E,4,FALSE)),0,VLOOKUP(F55,Monster!B:E,4,FALSE)) -> 17 | I55: Diablos Hatchets | J55: 1979 | K55: 0 | L55: 0 | M55: No Element | N55: =((NOT(ISNA(VLOOKUP(M55,Monster!$H$2:$I$6,2,FALSE)))*L55)+J55)*(1+K55/100*0.25) -> 1979 | O55: =M55&" - "&N55 -> No Element - 1979 | P55: Heroics | Q55: 1 | V55: =A55 -> 54 | W55: =L55/(J55+L55) -> 0
A56: 55 | B56: Thanatos Mauls | C56: Black Diablos Set | D56: Weapon | E56: Dual Blades | F56: Black Diablos | G56: =IF(ISNA(VLOOKUP(F56,Monster!B:E,4,FALSE)),0,VLOOKUP(F56,Monster!B:E,4,FALSE)) -> 18 | I56: Thanatos Mauls | J56: 2218 | K56: -30 | L56: 0 | M56: No Element | N56: =((NOT(ISNA(VLOOKUP(M56,Monster!$H$2:$I$6,2,FALSE)))*L56)+J56)*(1+K56/100*0.25) -> 2051.65 | O56: =M56&" - "&N56 -> No Element - 2051.65 | P56: Partbreaker | Q56: 1 | V56: =A56 -> 55 | W56: =L56/(J56+L56) -> 0
A57: 56 | B57: Wyvern Strife | C57: Silver Sol Set | D57: Weapon | E57: Dual Blades | F57: Silver Rathalos | G57: =IF(ISNA(VLOOKUP(F57,Monster!B:E,4,FALSE)),0,VLOOKUP(F57,Monster!B:E,4,FALSE)) -> 21 | I57: Wyvern Strife | J57: 1258 | K57: 30 | L57: 1082 | M57: Fire | N57: =((NOT(ISNA(VLOOKUP(M57,Monster!$H$2:$I$6,2,FALSE)))*L57)+J57)*(1+K57/100*0.25) -> 2515.5 | O57: =M57&" - "&N57 -> Fire - 2515.5 | P57: Critical Element | Q57: 2 | V57: =A57 -> 56 | W57: =L57/(J57+L57) -> 0.46239316
A58: 57 | B58: Mammoth Direbones | C58: Banbaro Set | D58: Weapon | E58: Dual Blades | F58: Banbaro | G58: =IF(ISNA(VLOOKUP(F58,Monster!B:E,4,FALSE)),0,VLOOKUP(F58,Monster!B:E,4,FALSE)) -> 23 | I58: Mammoth Direbones | J58: 1764 | K58: 0 | L58: 0 | M58: No Element | N58: =((NOT(ISNA(VLOOKUP(M58,Monster!$H$2:$I$6,2,FALSE)))*L58)+J58)*(1+K58/100*0.25) -> 1764 | O58: =M58&" - "&N58 -> No Element - 1764 | P58: Firm Foothold | Q58: 2 | V58: =A58 -> 57 | W58: =L58/(J58+L58) -> 0
A59: 58 | B59: Blizzarioths+ | C59: Barioth Set | D59: Weapon | E59: Dual Blades | F59: Barioth | G59: =IF(ISNA(VLOOKUP(F59,Monster!B:E,4,FALSE)),0,VLOOKUP(F59,Monster!B:E,4,FALSE)) -> 24 | I59: Blizzarioths | J59: 1191 | K59: 20 | L59: 910 | M59: Ice | N59: =((NOT(ISNA(VLOOKUP(M59,Monster!$H$2:$I$6,2,FALSE)))*L59)+J59)*(1+K59/100*0.25) -> 2206.05 | O59: =M59&" - "&N59 -> Ice - 2206.05 | P59: Evade Extender | Q59: 1 | V59: =A59 -> 58 | W59: =L59/(J59+L59) -> 0.43312708
A60: 59 | B60: Despot's Blitz | C60: Zinogre Set | D60: Weapon | E60: Dual Blades | F60: Zinogre | G60: =IF(ISNA(VLOOKUP(F60,Monster!B:E,4,FALSE)),0,VLOOKUP(F60,Monster!B:E,4,FALSE)) -> 25 | I60: Usurper's Fulgur | J60: 1221 | K60: 0 | L60: 1142 | M60: Thunder | N60: =((NOT(ISNA(VLOOKUP(M60,Monster!$H$2:$I$6,2,FALSE)))*L60)+J60)*(1+K60/100*0.25) -> 2363 | O60: =M60&" - "&N60 -> Thunder - 2363 | P60: Artful Dodger | Q60: 1 | V60: =A60 -> 59 | W60: =L60/(J60+L60) -> 0.48328396
... A85: 84 | B85: Rosenzahn+ | C85: Espinas Set | D85: Weapon | E85: Dual Blades | F85: Espinas | G85: =IF(ISNA(VLOOKUP(F85,Monster!B:E,4,FALSE)),0,VLOOKUP(F85,Monster!B:E,4,FALSE)) -> 57 | I85: Rosenzahn | J85: 1197 | K85: 20 | L85: 1154 | M85: Fire | N85: =((NOT(ISNA(VLOOKUP(M85,Monster!$H$2:$I$6,2,FALSE)))*L85)+J85)*(1+K85/100*0.25) -> 2468.55 | O85: =M85&" - "&N85 -> Fire - 2468.55 | P85: Special Partbreaker | Q85: 2 | V85: =A85 -> 84 | W85: =L85/(J85+L85) -> 0.49085496
A86: 85 | B86: Bloody Nails Wunde | C86: Malzeno Set | D86: Weapon | E86: Dual Blades | F86: Malzeno | G86: =IF(ISNA(VLOOKUP(F86,Monster!B:E,4,FALSE)),0,VLOOKUP(F86,Monster!B:E,4,FALSE)) -> 58 | I86: Bloody Nails Wunde | J86: 1205 | K86: 0 | L86: 1305 | M86: Dragon | N86: =((NOT(ISNA(VLOOKUP(M86,Monster!$H$2:$I$6,2,FALSE)))*L86)+J86)*(1+K86/100*0.25) -> 2510 | O86: =M86&" - "&N86 -> Dragon - 2510 | P86: Vital Dragon | Q86: 1 | R86: Hunter's Unity | V86: =A86 -> 85 | W86: =L86/(J86+L86) -> 0.51992032
A87: 86 | B87: Wild Hatchets | C87: Bone Set | D87: Weapon | E87: Dual Blades | G87: =IF(ISNA(VLOOKUP(F87,Monster!B:E,4,FALSE)),0,VLOOKUP(F87,Monster!B:E,4,FALSE)) -> 0 | I87: Bone Hatchets | J87: 1596 | K87: 0 | L87: 0 | M87: No Element | N87: =((NOT(ISNA(VLOOKUP(M87,Monster!$H$2:$I$6,2,FALSE)))*L87)+J87)*(1+K87/100*0.25) -> 1596 | O87: =M87&" - "&N87 -> No Element - 1596 | P87: Concentration | Q87: 1 | V87: =A87 -> 86 | W87: =L87/(J87+L87) -> 0
A88: 87 | B88: Fortune Dragon Fans | C88: Fortune Dragon Set | D88: Weapon | E88: Dual Blades | F88: Pink Rathian | G88: =IF(ISNA(VLOOKUP(F88,Monster!B:E,4,FALSE)),0,VLOOKUP(F88,Monster!B:E,4,FALSE)) -> 14 | I88: Fortune Dragon Fans | J88: 1293 | K88: 0 | L88: 910 | M88: Dragon | N88: =((NOT(ISNA(VLOOKUP(M88,Monster!$H$2:$I$6,2,FALSE)))*L88)+J88)*(1+K88/100*0.25) -> 2203 | O88: =M88&" - "&N88 -> Dragon - 2203 | P88: Divine Blessing | Q88: 2 | V88: =A88 -> 87 | W88: =L88/(J88+L88) -> 0.41307308
A89: 88 | B89: Esperanza Daggers | C89: Hope Set | D89: Weapon | E89: Dual Blades | G89: =IF(ISNA(VLOOKUP(F89,Monster!B:E,4,FALSE)),0,VLOOKUP(F89,Monster!B:E,4,FALSE)) -> 0 | I89: Hope Daggers | J89: 1878 | K89: 0 | L89: 0 | M89: No Element | N89: =((NOT(ISNA(VLOOKUP(M89,Monster!$H$2:$I$6,2,FALSE)))*L89)+J89)*(1+K89/100*0.25) -> 1878 | O89: =M89&" - "&N89 -> No Element - 1878 | P89: Lock On | Q89: 1 | V89: =A89 -> 88 | W89: =L89/(J89+L89) -> 0
A90: 89 | B90: Buster Blade | C90: Leather Set | D90: Weapon | E90: Great Sword | G90: =IF(ISNA(VLOOKUP(F90,Monster!B:E,4,FALSE)),0,VLOOKUP(F90,Monster!B:E,4,FALSE)) -> 0 | I90: Buster Sword | J90: 1596 | K90: 0 | L90: 0 | M90: No Element | N90: =((NOT(ISNA(VLOOKUP(M90,Monster!$H$2:$I$6,2,FALSE)))*L90)+J90)*(1+K90/100*0.25) -> 1596 | O90: =M90&" - "&N90 -> No Element - 1596 | P90: Poison Resistance | Q90: 2 | V90: =A90 -> 89 | W90: =L90/(J90+L90) -> 0
A91: 90 | B91: Jagras Hacker | C91: Jagras Set | D91: Weapon | E91: Great Sword | F91: Great Jagras | G91: =IF(ISNA(VLOOKUP(F91,Monster!B:E,4,FALSE)),0,VLOOKUP(F91,Monster!B:E,4,FALSE)) -> 1 | I91: Jagras Blade | J91: 1373 | K91: 0 | L91: 607 | M91: Water | N91: =((NOT(ISNA(VLOOKUP(M91,Monster!$H$2:$I$6,2,FALSE)))*L91)+J91)*(1+K91/100*0.25) -> 1980 | O91: =M91&" - "&N91 -> Water - 1980 | P91: Health Boost | Q91: 2 | V91: =A91 -> 90 | W91: =L91/(J91+L91) -> 0.30656566
A92: 91 | B92: Datura Blaze | C92: Pukei Set | D92: Weapon | E92: Great Sword | F92: Pukei-Pukei | G92: =IF(ISNA(VLOOKUP(F92,Monster!B:E,4,FALSE)),0,VLOOKUP(F92,Monster!B:E,4,FALSE)) -> 3 | I92: Blooming Blae | J92: 1596 | K92: 0 | L92: 400 | M92: Poison | N92: =((NOT(ISNA(VLOOKUP(M92,Monster!$H$2:$I$6,2,FALSE)))*L92)+J92)*(1+K92/100*0.25) -> 1596 | O92: =M92&" - "&N92 -> Poison - 1596 | P92: Sneak Attack | Q92: 1 | V92: =A92 -> 91 | W92: =L92/(J92+L92) -> 0.2004008
A93: 92 | B93: Laguna Golem | C93: Coral Pukei Set | D93: Weapon | E93: Great Sword | F93: Coral Pukei-Pukei | G93: =IF(ISNA(VLOOKUP(F93,Monster!B:E,4,FALSE)),0,VLOOKUP(F93,Monster!B:E,4,FALSE)) -> 4 | I93: Laguna Golem | J93: 1221 | K93: 0 | L93: 1142 | M93: Water | N93: =((NOT(ISNA(VLOOKUP(M93,Monster!$H$2:$I$6,2,FALSE)))*L93)+J93)*(1+K93/100*0.25) -> 2363 | O93: =M93&" - "&N93 -> Water - 2363 | P93: Earplugs | Q93: 1 | V93: =A93 -> 92 | W93: =L93/(J93+L93) -> 0.48328396
A94: 93 | B94: Barroth Shredder | C94: Barroth Set | D94: Weapon | E94: Great Sword | F94: Barroth | G94: =IF(ISNA(VLOOKUP(F94,Monster!B:E,4,FALSE)),0,VLOOKUP(F94,Monster!B:E,4,FALSE)) -> 5 | I94: Carapace Buster | J94: 1756 | K94: 0 | L94: 0 | M94: No Element | N94: =((NOT(ISNA(VLOOKUP(M94,Monster!$H$2:$I$6,2,FALSE)))*L94)+J94)*(1+K94/100*0.25) -> 1756 | O94: =M94&" - "&N94 -> No Element - 1756 | P94: Defense Boost | Q94: 2 | V94: =A94 -> 93 | W94: =L94/(J94+L94) -> 0
A95: 94 | B95: Malady's Kiss | C95: Girros Set | D95: Weapon | E95: Great Sword | F95: Great Girros | G95: =IF(ISNA(VLOOKUP(F95,Monster!B:E,4,FALSE)),0,VLOOKUP(F95,Monster!B:E,4,FALSE)) -> 6 | I95: Girros Blade | J95: 1596 | K95: 0 | L95: 400 | M95: Paralysis | N95: =((NOT(ISNA(VLOOKUP(M95,Monster!$H$2:$I$6,2,FALSE)))*L95)+J95)*(1+K95/100*0.25) -> 1596 | O95: =M95&" - "&N95 -> Paralysis - 1596 | P95: Sneak Attack | Q95: 1 | V95: =A95 -> 94 | W95: =L95/(J95+L95) -> 0.2004008
A96: 95 | B96: Lightning Punisher | C96: Kadachi Set | D96: Weapon | E96: Great Sword | F96: Tobi-Kadachi | G96: =IF(ISNA(VLOOKUP(F96,Monster!B:E,4,FALSE)),0,VLOOKUP(F96,Monster!B:E,4,FALSE)) -> 7 | I96: Thunder Blade | J96: 1293 | K96: 0 | L96: 910 | M96: Thunder | N96: =((NOT(ISNA(VLOOKUP(M96,Monster!$H$2:$I$6,2,FALSE)))*L96)+J96)*(1+K96/100*0.25) -> 2203 | O96: =M96&" - "&N96 -> Thunder - 2203 | P96: Evade Extender | Q96: 1 | V96: =A96 -> 95 | W96: =L96/(J96+L96) -> 0.41307308
A97: 96 | B97: Nyx Razor | C97: Nightshade Paolumu Set | D97: Weapon | E97: Great Sword | F97: Nightshade Paolumu | G97: =IF(ISNA(VLOOKUP(F97,Monster!B:E,4,FALSE)),0,VLOOKUP(F97,Monster!B:E,4,FALSE)) -> 9 | I97: Nyx Razor | J97: 1756 | K97: 0 | L97: 300 | M97: Sleep | N97: =((NOT(ISNA(VLOOKUP(M97,Monster!$H$2:$I$6,2,FALSE)))*L97)+J97)*(1+K97/100*0.25) -> 1756 | O97: =M97&" - "&N97 -> Sleep - 1756 | P97: Sneak Attack | Q97: 1 | V97: =A97 -> 96 | W97: =L97/(J97+L97) -> 0.1459144
A98: 97 | B98: Water Golem | C98: Jyuratodus Set | D98: Weapon | E98: Great Sword | F98: Jyuratodus | G98: =IF(ISNA(VLOOKUP(F98,Monster!B:E,4,FALSE)),0,VLOOKUP(F98,Monster!B:E,4,FALSE)) -> 10 | I98: Aqua Slasher | J98: 1293 | K98: 0 | L98: 910 | M98: Water | N98: =((NOT(ISNA(VLOOKUP(M98,Monster!$H$2:$I$6,2,FALSE)))*L98)+J98)*(1+K98/100*0.25) -> 2203 | O98: =M98&" - "&N98 -> Water - 2203 | P98: Last Stand | Q98: 1 | V98: =A98 -> 97 | W98: =L98/(J98+L98) -> 0.41307308
A99: 98 | B99: Flammenzahn+ | C99: Anjanath Set | D99: Weapon | E99: Great Sword | F99: Anjanath | G99: =IF(ISNA(VLOOKUP(F99,Monster!B:E,4,FALSE)),0,VLOOKUP(F99,Monster!B:E,4,FALSE)) -> 11 | I99: Flammenzahn | J99: 1293 | K99: 0 | L99: 910 | M99: Fire | N99: =((NOT(ISNA(VLOOKUP(M99,Monster!$H$2:$I$6,2,FALSE)))*L99)+J99)*(1+K99/100*0.25) -> 2203 | O99: =M99&" - "&N99 -> Fire - 2203 | P99: Rising Tide | Q99: 1 | V99: =A99 -> 98 | W99: =L99/(J99+L99) -> 0.41307308
A100: 99 | B100: Donnerzahn+ | C100: Fulgur Set | D100: Weapon | E100: Great Sword | F100: Fulgur Anjanath | G100: =IF(ISNA(VLOOKUP(F100,Monster!B:E,4,FALSE)),0,VLOOKUP(F100,Monster!B:E,4,FALSE)) -> 12 | I100: Donnerzahn | J100: 1197 | K100: 20 | L100: 1154 | M100: Thunder | N100: =((NOT(ISNA(VLOOKUP(M100,Monster!$H$2:$I$6,2,FALSE)))*L100)+J100)*(1+K100/100*0.25) -> 2468.55 | O100: =M100&" - "&N100 -> Thunder - 2468.55 | P100: Critical Element | Q100: 1 | V100: =A100 -> 99 | W100: =L100/(J100+L100) -> 0.49085496
A101: 100 | B101: Frost Blaze | C101: Legiana Set | D101: Weapon | E101: Great Sword | F101: Legiana | G101: =IF(ISNA(VLOOKUP(F101,Monster!B:E,4,FALSE)),0,VLOOKUP(F101,Monster!B:E,4,FALSE)) -> 16 | I101: Freeze Blade | J101: 1221 | K101: 0 | L101: 1142 | M101: Ice | N101: =((NOT(ISNA(VLOOKUP(M101,Monster!$H$2:$I$6,2,FALSE)))*L101)+J101)*(1+K101/100*0.25) -> 2363 | O101: =M101&" - "&N101 -> Ice - 2363 | P101: Divine Blessing | Q101: 2 | V101: =A101 -> 100 | W101: =L101/(J101+L101) -> 0.48328396
A102: 101 | B102: Red Wing | C102: Rathalos Set | D102: Weapon | E102: Great Sword | F102: Rathalos | G102: =IF(ISNA(VLOOKUP(F102,Monster!B:E,4,FALSE)),0,VLOOKUP(F102,Monster!B:E,4,FALSE)) -> 19 | I102: Flame Blade | J102: 1221 | K102: 0 | L102: 1142 | M102: Fire | N102: =((NOT(ISNA(VLOOKUP(M102,Monster!$H$2:$I$6,2,FALSE)))*L102)+J102)*(1+K102/100*0.25) -> 2363 | O102: =M102&" - "&N102 -> Fire - 2363 | P102: Earplugs | Q102: 1 | V102: =A102 -> 101 | W102: =L102/(J102+L102) -> 0.48328396
... A129: 128 | B129: Rosenbrett+ | C129: Espinas Set | D129: Weapon | E129: Great Sword | F129: Espinas | G129: =IF(ISNA(VLOOKUP(F129,Monster!B:E,4,FALSE)),0,VLOOKUP(F129,Monster!B:E,4,FALSE)) -> 57 | I129: Rosenbrett | J129: 1197 | K129: 20 | L129: 1154 | M129: Fire | N129: =((NOT(ISNA(VLOOKUP(M129,Monster!$H$2:$I$6,2,FALSE)))*L129)+J129)*(1+K129/100*0.25) -> 2468.55 | O129: =M129&" - "&N129 -> Fire - 2468.55 | P129: Special Partbreaker | Q129: 2 | V129: =A129 -> 128 | W129: =L129/(J129+L129) -> 0.49085496
A130: 129 | B130: Decapitator Schneiden | C130: Malzeno Set | D130: Weapon | E130: Great Sword | F130: Malzeno | G130: =IF(ISNA(VLOOKUP(F130,Monster!B:E,4,FALSE)),0,VLOOKUP(F130,Monster!B:E,4,FALSE)) -> 58 | I130: Decapitator Schneiden | J130: 1205 | K130: 0 | L130: 1305 | M130: Dragon | N130: =((NOT(ISNA(VLOOKUP(M130,Monster!$H$2:$I$6,2,FALSE)))*L130)+J130)*(1+K130/100*0.25) -> 2510 | O130: =M130&" - "&N130 -> Dragon - 2510 | P130: Vital Dragon | Q130: 1 | R130: Hunter's Unity | V130: =A130 -> 129 | W130: =L130/(J130+L130) -> 0.51992032
A131: 130 | B131: Bone Slasher | C131: Bone Set | D131: Weapon | E131: Great Sword | G131: =IF(ISNA(VLOOKUP(F131,Monster!B:E,4,FALSE)),0,VLOOKUP(F131,Monster!B:E,4,FALSE)) -> 0 | I131: Bone Blade | J131: 1596 | K131: 0 | L131: 0 | M131: No Element | N131: =((NOT(ISNA(VLOOKUP(M131,Monster!$H$2:$I$6,2,FALSE)))*L131)+J131)*(1+K131/100*0.25) -> 1596 | O131: =M131&" - "&N131 -> No Element - 1596 | P131: Concentration | Q131: 1 | V131: =A131 -> 130 | W131: =L131/(J131+L131) -> 0
A132: 131 | B132: Esperanza Blade | C132: Hope Set | D132: Weapon | E132: Great Sword | G132: =IF(ISNA(VLOOKUP(F132,Monster!B:E,4,FALSE)),0,VLOOKUP(F132,Monster!B:E,4,FALSE)) -> 0 | I132: Hope Blade | J132: 1878 | K132: 0 | L132: 0 | M132: No Element | N132: =((NOT(ISNA(VLOOKUP(M132,Monster!$H$2:$I$6,2,FALSE)))*L132)+J132)*(1+K132/100*0.25) -> 1878 | O132: =M132&" - "&N132 -> No Element - 1878 | P132: Lock On | Q132: 1 | V132: =A132 -> 131 | W132: =L132/(J132+L132) -> 0
A133: 132 | B133: Balloon Blade | C133: Spring 2025 Set | D133: Weapon | E133: Great Sword | G133: =IF(ISNA(VLOOKUP(F133,Monster!B:E,4,FALSE)),0,VLOOKUP(F133,Monster!B:E,4,FALSE)) -> 0 | I133: Balloon Blade | J133: 1893 | K133: 0 | L133: 0 | M133: No Element | N133: =((NOT(ISNA(VLOOKUP(M133,Monster!$H$2:$I$6,2,FALSE)))*L133)+J133)*(1+K133/100*0.25) -> 1893 | O133: =M133&" - "&N133 -> No Element - 1893 | P133: Balloon Charge | Q133: 1 | V133: =A133 -> 132 | W133: =L133/(J133+L133) -> 0
A134: 133 | B134: Iron Grace | C134: Leather Set | D134: Weapon | E134: Long Sword | G134: =IF(ISNA(VLOOKUP(F134,Monster!B:E,4,FALSE)),0,VLOOKUP(F134,Monster!B:E,4,FALSE)) -> 0 | I134: Iron Katana | J134: 1596 | K134: 0 | L134: 0 | M134: No Element | N134: =((NOT(ISNA(VLOOKUP(M134,Monster!$H$2:$I$6,2,FALSE)))*L134)+J134)*(1+K134/100*0.25) -> 1596 | O134: =M134&" - "&N134 -> No Element - 1596 | P134: Poison Resistance | Q134: 2 | V134: =A134 -> 133 | W134: =L134/(J134+L134) -> 0
A135: 134 | B135: Last Dance | C135: Kulu Set | D135: Weapon | E135: Long Sword | F135: Kulu-Ya-Ku | G135: =IF(ISNA(VLOOKUP(F135,Monster!B:E,4,FALSE)),0,VLOOKUP(F135,Monster!B:E,4,FALSE)) -> 2 | I135: First Dance | J135: 1596 | K135: 30 | L135: 0 | M135: No Element | N135: =((NOT(ISNA(VLOOKUP(M135,Monster!$H$2:$I$6,2,FALSE)))*L135)+J135)*(1+K135/100*0.25) -> 1715.7 | O135: =M135&" - "&N135 -> No Element - 1715.7 | P135: Fortify | Q135: 2 | V135: =A135 -> 134 | W135: =L135/(J135+L135) -> 0
A136: 135 | B136: Kadachi Fang | C136: Kadachi Set | D136: Weapon | E136: Long Sword | F136: Tobi-Kadachi | G136: =IF(ISNA(VLOOKUP(F136,Monster!B:E,4,FALSE)),0,VLOOKUP(F136,Monster!B:E,4,FALSE)) -> 7 | I136: Pulsar Shotel | J136: 1293 | K136: 0 | L136: 910 | M136: Thunder | N136: =((NOT(ISNA(VLOOKUP(M136,Monster!$H$2:$I$6,2,FALSE)))*L136)+J136)*(1+K136/100*0.25) -> 2203 | O136: =M136&" - "&N136 -> Thunder - 2203 | P136: Evade Extender | Q136: 1 | V136: =A136 -> 135 | W136: =L136/(J136+L136) -> 0.41307308
A137: 136 | B137: Dipterus | C137: Jyuratodus Set | D137: Weapon | E137: Long Sword | F137: Jyuratodus | G137: =IF(ISNA(VLOOKUP(F137,Monster!B:E,4,FALSE)),0,VLOOKUP(F137,Monster!B:E,4,FALSE)) -> 10 | I137: Jyura Shotel | J137: 1293 | K137: 0 | L137: 910 | M137: Water | N137: =((NOT(ISNA(VLOOKUP(M137,Monster!$H$2:$I$6,2,FALSE)))*L137)+J137)*(1+K137/100*0.25) -> 2203 | O137: =M137&" - "&N137 -> Water - 2203 | P137: Last Stand | Q137: 1 | V137: =A137 -> 136 | W137: =L137/(J137+L137) -> 0.41307308
A138: 137 | B138: Anja Scimitar | C138: Anjanath Set | D138: Weapon | E138: Long Sword | F138: Anjanath | G138: =IF(ISNA(VLOOKUP(F138,Monster!B:E,4,FALSE)),0,VLOOKUP(F138,Monster!B:E,4,FALSE)) -> 11 | I138: Blazing Shotel | J138: 1293 | K138: 0 | L138: 910 | M138: Fire | N138: =((NOT(ISNA(VLOOKUP(M138,Monster!$H$2:$I$6,2,FALSE)))*L138)+J138)*(1+K138/100*0.25) -> 2203 | O138: =M138&" - "&N138 -> Fire - 2203 | P138: Rising Tide | Q138: 1 | V138: =A138 -> 137 | W138: =L138/(J138+L138) -> 0.41307308
A139: 138 | B139: Gnashing Fulgur | C139: Fulgur Set | D139: Weapon | E139: Long Sword | F139: Fulgur Anjanath | G139: =IF(ISNA(VLOOKUP(F139,Monster!B:E,4,FALSE)),0,VLOOKUP(F139,Monster!B:E,4,FALSE)) -> 12 | I139: Gnashing Fulgur | J139: 1197 | K139: 20 | L139: 1154 | M139: Thunder | N139: =((NOT(ISNA(VLOOKUP(M139,Monster!$H$2:$I$6,2,FALSE)))*L139)+J139)*(1+K139/100*0.25) -> 2468.55 | O139: =M139&" - "&N139 -> Thunder - 2468.55 | P139: Critical Element | Q139: 1 | V139: =A139 -> 138 | W139: =L139/(J139+L139) -> 0.49085496
A140: 139 | B140: Wyvern Blade "Verde" | C140: Rathian Set | D140: Weapon | E140: Long Sword | F140: Rathian | G140: =IF(ISNA(VLOOKUP(F140,Monster!B:E,4,FALSE)),0,VLOOKUP(F140,Monster!B:E,4,FALSE)) -> 13 | I140: Wyvern Blade "Leaf" | J140: 1516 | K140: 0 | L140: 496 | M140: Poison | N140: =((NOT(ISNA(VLOOKUP(M140,Monster!$H$2:$I$6,2,FALSE)))*L140)+J140)*(1+K140/100*0.25) -> 1516 | O140: =M140&" - "&N140 -> Poison - 1516 | P140: Health Boost | Q140: 2 | V140: =A140 -> 139 | W140: =L140/(J140+L140) -> 0.24652087
A141: 140 | B141: Wyvern Blade "Blossom"+ | C141: Pink Rathian Set | D141: Weapon | E141: Long Sword | F141: Pink Rathian | G141: =IF(ISNA(VLOOKUP(F141,Monster!B:E,4,FALSE)),0,VLOOKUP(F141,Monster!B:E,4,FALSE)) -> 14 | I141: Wyvern Blade "Blossom" | J141: 1756 | K141: 0 | L141: 300 | M141: Poison | N141: =((NOT(ISNA(VLOOKUP(M141,Monster!$H$2:$I$6,2,FALSE)))*L141)+J141)*(1+K141/100*0.25) -> 1756 | O141: =M141&" - "&N141 -> Poison - 1756 | P141: Evade Extender | Q141: 1 | V141: =A141 -> 140 | W141: =L141/(J141+L141) -> 0.1459144
A142: 141 | B142: Wyvern Blade "Luna" | C142: Golden Lune Set | D142: Weapon | E142: Long Sword | F142: Golden Rathian | G142: =IF(ISNA(VLOOKUP(F142,Monster!B:E,4,FALSE)),0,VLOOKUP(F142,Monster!B:E,4,FALSE)) -> 15 | I142: Wyvern Blade "Luna" | J142: 1675 | K142: 30 | L142: 399 | M142: Poison | N142: =((NOT(ISNA(VLOOKUP(M142,Monster!$H$2:$I$6,2,FALSE)))*L142)+J142)*(1+K142/100*0.25) -> 1800.625 | O142: =M142&" - "&N142 -> Poison - 1800.625 | P142: Poison Exploit | Q142: 2 | V142: =A142 -> 141 | W142: =L142/(J142+L142) -> 0.19238187
A143: 142 | B143: Stealer | C143: Legiana Set | D143: Weapon | E143: Long Sword | F143: Legiana | G143: =IF(ISNA(VLOOKUP(F143,Monster!B:E,4,FALSE)),0,VLOOKUP(F143,Monster!B:E,4,FALSE)) -> 16 | I143: Glacial Shotel | J143: 1221 | K143: 0 | L143: 1142 | M143: Ice | N143: =((NOT(ISNA(VLOOKUP(M143,Monster!$H$2:$I$6,2,FALSE)))*L143)+J143)*(1+K143/100*0.25) -> 2363 | O143: =M143&" - "&N143 -> Ice - 2363 | P143: Divine Blessing | Q143: 2 | V143: =A143 -> 142 | W143: =L143/(J143+L143) -> 0.48328396
A144: 143 | B144: Wyvern Blade "Blood" | C144: Rathalos Set | D144: Weapon | E144: Long Sword | F144: Rathalos | G144: =IF(ISNA(VLOOKUP(F144,Monster!B:E,4,FALSE)),0,VLOOKUP(F144,Monster!B:E,4,FALSE)) -> 19 | I144: Wyvern Blade "Fall" | J144: 1221 | K144: 0 | L144: 1142 | M144: Fire | N144: =((NOT(ISNA(VLOOKUP(M144,Monster!$H$2:$I$6,2,FALSE)))*L144)+J144)*(1+K144/100*0.25) -> 2363 | O144: =M144&" - "&N144 -> Fire - 2363 | P144: Earplugs | Q144: 1 | V144: =A144 -> 143 | W144: =L144/(J144+L144) -> 0.48328396
A145: 144 | B145: Wyvern Blade "Indigo" | C145: Azure Rathalos Set | D145: Weapon | E145: Long Sword | F145: Azure Rathalos | G145: =IF(ISNA(VLOOKUP(F145,Monster!B:E,4,FALSE)),0,VLOOKUP(F145,Monster!B:E,4,FALSE)) -> 20 | I145: Wyvern Blade "Azure" | J145: 1682 | K145: 0 | L145: 605 | M145: Fire | N145: =((NOT(ISNA(VLOOKUP(M145,Monster!$H$2:$I$6,2,FALSE)))*L145)+J145)*(1+K145/100*0.25) -> 2287 | O145: =M145&" - "&N145 -> Fire - 2287 | P145: Special Boost | Q145: 1 | V145: =A145 -> 144 | W145: =L145/(J145+L145) -> 0.2645387
A146: 145 | B146: Wyvern Blade "Pale" | C146: Silver Sol Set | D146: Weapon | E146: Long Sword | F146: Silver Rathalos | G146: =IF(ISNA(VLOOKUP(F146,Monster!B:E,4,FALSE)),0,VLOOKUP(F146,Monster!B:E,4,FALSE)) -> 21 | I146: Wyvern Blade "Pale" | J146: 1258 | K146: 30 | L146: 1082 | M146: Fire | N146: =((NOT(ISNA(VLOOKUP(M146,Monster!$H$2:$I$6,2,FALSE)))*L146)+J146)*(1+K146/100*0.25) -> 2515.5 | O146: =M146&" - "&N146 -> Fire - 2515.5 | P146: Critical Element | Q146: 2 | V146: =A146 -> 145 | W146: =L146/(J146+L146) -> 0.46239316
... A173: 172 | B173: Rosenfader+ | C173: Espinas Set | D173: Weapon | E173: Long Sword | F173: Espinas | G173: =IF(ISNA(VLOOKUP(F173,Monster!B:E,4,FALSE)),0,VLOOKUP(F173,Monster!B:E,4,FALSE)) -> 57 | I173: Rosenfader | J173: 1756 | K173: 20 | L173: 282 | M173: Poison | N173: =((NOT(ISNA(VLOOKUP(M173,Monster!$H$2:$I$6,2,FALSE)))*L173)+J173)*(1+K173/100*0.25) -> 1843.8 | O173: =M173&" - "&N173 -> Poison - 1843.8 | P173: Special Partbreaker | Q173: 2 | V173: =A173 -> 172 | W173: =L173/(J173+L173) -> 0.13837095
A174: 173 | B174: Fissureforce | C174: Malzeno Set | D174: Weapon | E174: Long Sword | F174: Malzeno | G174: =IF(ISNA(VLOOKUP(F174,Monster!B:E,4,FALSE)),0,VLOOKUP(F174,Monster!B:E,4,FALSE)) -> 58 | I174: Fissureforce | J174: 1205 | K174: 0 | L174: 1305 | M174: Dragon | N174: =((NOT(ISNA(VLOOKUP(M174,Monster!$H$2:$I$6,2,FALSE)))*L174)+J174)*(1+K174/100*0.25) -> 2510 | O174: =M174&" - "&N174 -> Dragon - 2510 | P174: Vital Dragon | Q174: 1 | R174: Hunter's Unity | V174: =A174 -> 173 | W174: =L174/(J174+L174) -> 0.51992032
A175: 174 | B175: Hard Bone Shotel | C175: Bone Set | D175: Weapon | E175: Long Sword | G175: =IF(ISNA(VLOOKUP(F175,Monster!B:E,4,FALSE)),0,VLOOKUP(F175,Monster!B:E,4,FALSE)) -> 0 | I175: Bone Shotel | J175: 1596 | K175: 0 | L175: 0 | M175: No Element | N175: =((NOT(ISNA(VLOOKUP(M175,Monster!$H$2:$I$6,2,FALSE)))*L175)+J175)*(1+K175/100*0.25) -> 1596 | O175: =M175&" - "&N175 -> No Element - 1596 | P175: Concentration | Q175: 1 | V175: =A175 -> 174 | W175: =L175/(J175+L175) -> 0
A176: 175 | B176: Squawkscythe | C176: Halloween Set | D176: Weapon | E176: Long Sword | F176: Aknosom | G176: =IF(ISNA(VLOOKUP(F176,Monster!B:E,4,FALSE)),0,VLOOKUP(F176,Monster!B:E,4,FALSE)) -> 35 | I176: Cawscythe | J176: 1221 | K176: 0 | L176: 1142 | M176: Dragon | N176: =((NOT(ISNA(VLOOKUP(M176,Monster!$H$2:$I$6,2,FALSE)))*L176)+J176)*(1+K176/100*0.25) -> 2363 | O176: =M176&" - "&N176 -> Dragon - 2363 | P176: Power Prolonger | Q176: 2 | V176: =A176 -> 175 | W176: =L176/(J176+L176) -> 0.48328396
A177: 176 | B177: Esperanza Edge | C177: Hope Set | D177: Weapon | E177: Long Sword | G177: =IF(ISNA(VLOOKUP(F177,Monster!B:E,4,FALSE)),0,VLOOKUP(F177,Monster!B:E,4,FALSE)) -> 0 | I177: Hope Edge | J177: 1878 | K177: 0 | L177: 0 | M177: No Element | N177: =((NOT(ISNA(VLOOKUP(M177,Monster!$H$2:$I$6,2,FALSE)))*L177)+J177)*(1+K177/100*0.25) -> 1878 | O177: =M177&" - "&N177 -> No Element - 1878 | P177: Lock On | Q177: 1 | V177: =A177 -> 176 | W177: =L177/(J177+L177) -> 0
A178: 177 | B178: Iron Demon | C178: Leather Set | D178: Weapon | E178: Hammer | G178: =IF(ISNA(VLOOKUP(F178,Monster!B:E,4,FALSE)),0,VLOOKUP(F178,Monster!B:E,4,FALSE)) -> 0 | I178: Iron Hammer | J178: 1596 | K178: 0 | L178: 0 | M178: No Element | N178: =((NOT(ISNA(VLOOKUP(M178,Monster!$H$2:$I$6,2,FALSE)))*L178)+J178)*(1+K178/100*0.25) -> 1596 | O178: =M178&" - "&N178 -> No Element - 1596 | P178: Poison Resistance | Q178: 2 | V178: =A178 -> 177 | W178: =L178/(J178+L178) -> 0
A179: 178 | B179: Crushing Beak | C179: Kulu Set | D179: Weapon | E179: Hammer | F179: Kulu-Ya-Ku | G179: =IF(ISNA(VLOOKUP(F179,Monster!B:E,4,FALSE)),0,VLOOKUP(F179,Monster!B:E,4,FALSE)) -> 2 | I179: Kulu Beak | J179: 1596 | K179: 30 | L179: 0 | M179: No Element | N179: =((NOT(ISNA(VLOOKUP(M179,Monster!$H$2:$I$6,2,FALSE)))*L179)+J179)*(1+K179/100*0.25) -> 1715.7 | O179: =M179&" - "&N179 -> No Element - 1715.7 | P179: Fortify | Q179: 2 | V179: =A179 -> 178 | W179: =L179/(J179+L179) -> 0
A180: 179 | B180: Buon Fiore | C180: Pukei Set | D180: Weapon | E180: Hammer | F180: Pukei-Pukei | G180: =IF(ISNA(VLOOKUP(F180,Monster!B:E,4,FALSE)),0,VLOOKUP(F180,Monster!B:E,4,FALSE)) -> 3 | I180: Blooming Hammer | J180: 1596 | K180: 0 | L180: 400 | M180: Poison | N180: =((NOT(ISNA(VLOOKUP(M180,Monster!$H$2:$I$6,2,FALSE)))*L180)+J180)*(1+K180/100*0.25) -> 1596 | O180: =M180&" - "&N180 -> Poison - 1596 | P180: Sneak Attack | Q180: 1 | V180: =A180 -> 179 | W180: =L180/(J180+L180) -> 0.2004008
A181: 180 | B181: Aqua Flora+ | C181: Coral Pukei Set | D181: Weapon | E181: Hammer | F181: Coral Pukei-Pukei | G181: =IF(ISNA(VLOOKUP(F181,Monster!B:E,4,FALSE)),0,VLOOKUP(F181,Monster!B:E,4,FALSE)) -> 4 | I181: Aqua Flora | J181: 1221 | K181: 0 | L181: 1142 | M181: Water | N181: =((NOT(ISNA(VLOOKUP(M181,Monster!$H$2:$I$6,2,FALSE)))*L181)+J181)*(1+K181/100*0.25) -> 2363 | O181: =M181&" - "&N181 -> Water - 2363 | P181: Earplugs | Q181: 1 | V181: =A181 -> 180 | W181: =L181/(J181+L181) -> 0.48328396
A182: 181 | B182: Barroth Breaker | C182: Barroth Set | D182: Weapon | E182: Hammer | F182: Barroth | G182: =IF(ISNA(VLOOKUP(F182,Monster!B:E,4,FALSE)),0,VLOOKUP(F182,Monster!B:E,4,FALSE)) -> 5 | I182: Carapace Sledge | J182: 1756 | K182: 0 | L182: 0 | M182: No Element | N182: =((NOT(ISNA(VLOOKUP(M182,Monster!$H$2:$I$6,2,FALSE)))*L182)+J182)*(1+K182/100*0.25) -> 1756 | O182: =M182&" - "&N182 -> No Element - 1756 | P182: Defense Boost | Q182: 2 | V182: =A182 -> 181 | W182: =L182/(J182+L182) -> 0
A183: 182 | B183: Malady's Fist | C183: Girros Set | D183: Weapon | E183: Hammer | F183: Great Girros | G183: =IF(ISNA(VLOOKUP(F183,Monster!B:E,4,FALSE)),0,VLOOKUP(F183,Monster!B:E,4,FALSE)) -> 6 | I183: Girros Hammer | J183: 1596 | K183: 0 | L183: 400 | M183: Paralysis | N183: =((NOT(ISNA(VLOOKUP(M183,Monster!$H$2:$I$6,2,FALSE)))*L183)+J183)*(1+K183/100*0.25) -> 1596 | O183: =M183&" - "&N183 -> Paralysis - 1596 | P183: Sneak Attack | Q183: 1 | V183: =A183 -> 182 | W183: =L183/(J183+L183) -> 0.2004008
A184: 183 | B184: Lightning Bash | C184: Kadachi Set | D184: Weapon | E184: Hammer | F184: Tobi-Kadachi | G184: =IF(ISNA(VLOOKUP(F184,Monster!B:E,4,FALSE)),0,VLOOKUP(F184,Monster!B:E,4,FALSE)) -> 7 | I184: Thunder Hammer | J184: 1293 | K184: 0 | L184: 910 | M184: Thunder | N184: =((NOT(ISNA(VLOOKUP(M184,Monster!$H$2:$I$6,2,FALSE)))*L184)+J184)*(1+K184/100*0.25) -> 2203 | O184: =M184&" - "&N184 -> Thunder - 2203 | P184: Evade Extender | Q184: 1 | V184: =A184 -> 183 | W184: =L184/(J184+L184) -> 0.41307308
A185: 184 | B185: Nyx Hammer | C185: Nightshade Paolumu Set | D185: Weapon | E185: Hammer | F185: Nightshade Paolumu | G185: =IF(ISNA(VLOOKUP(F185,Monster!B:E,4,FALSE)),0,VLOOKUP(F185,Monster!B:E,4,FALSE)) -> 9 | I185: Nyx Hammer | J185: 1756 | K185: 0 | L185: 300 | M185: Sleep | N185: =((NOT(ISNA(VLOOKUP(M185,Monster!$H$2:$I$6,2,FALSE)))*L185)+J185)*(1+K185/100*0.25) -> 1756 | O185: =M185&" - "&N185 -> Sleep - 1756 | P185: Sneak Attack | Q185: 1 | V185: =A185 -> 184 | W185: =L185/(J185+L185) -> 0.1459144
A186: 185 | B186: Water Basher | C186: Jyuratodus Set | D186: Weapon | E186: Hammer | F186: Jyuratodus | G186: =IF(ISNA(VLOOKUP(F186,Monster!B:E,4,FALSE)),0,VLOOKUP(F186,Monster!B:E,4,FALSE)) -> 10 | I186: Aqua Hammer | J186: 1293 | K186: 0 | L186: 910 | M186: Water | N186: =((NOT(ISNA(VLOOKUP(M186,Monster!$H$2:$I$6,2,FALSE)))*L186)+J186)*(1+K186/100*0.25) -> 2203 | O186: =M186&" - "&N186 -> Water - 2203 | P186: Last Stand | Q186: 1 | V186: =A186 -> 185 | W186: =L186/(J186+L186) -> 0.41307308
...
