Workbook

Sheet Picker
A1: Monster Hunter Now — Armour Picker
A2: Only the shaded cells are yours to edit. Everything else is a formula.
A3: 1. Skills you want
A4: Wanted skill | B4: In build | C4: Cap
B5: =IF(OR($A5="",$A5="(none)"),"",IFERROR(INDEX(Calc!$B$2:$B$132,MATCH($A5,Calc!$A$2:$A$132,0)),0)) | C5: =IF(OR($A5="",$A5="(none)"),"",IFERROR(INDEX(Skills!$C$2:$C$132,MATCH($A5,Skills!$A$2:$A$132,0)),""))
B6: =IF(OR($A6="",$A6="(none)"),"",IFERROR(INDEX(Calc!$B$2:$B$132,MATCH($A6,Calc!$A$2:$A$132,0)),0)) | C6: =IF(OR($A6="",$A6="(none)"),"",IFERROR(INDEX(Skills!$C$2:$C$132,MATCH($A6,Skills!$A$2:$A$132,0)),""))
B7: =IF(OR($A7="",$A7="(none)"),"",IFERROR(INDEX(Calc!$B$2:$B$132,MATCH($A7,Calc!$A$2:$A$132,0)),0)) | C7: =IF(OR($A7="",$A7="(none)"),"",IFERROR(INDEX(Skills!$C$2:$C$132,MATCH($A7,Skills!$A$2:$A$132,0)),""))
B8: =IF(OR($A8="",$A8="(none)"),"",IFERROR(INDEX(Calc!$B$2:$B$132,MATCH($A8,Calc!$A$2:$A$132,0)),0)) | C8: =IF(OR($A8="",$A8="(none)"),"",IFERROR(INDEX(Skills!$C$2:$C$132,MATCH($A8,Skills!$A$2:$A$132,0)),""))
B9: =IF(OR($A9="",$A9="(none)"),"",IFERROR(INDEX(Calc!$B$2:$B$132,MATCH($A9,Calc!$A$2:$A$132,0)),0)) | C9: =IF(OR($A9="",$A9="(none)"),"",IFERROR(INDEX(Skills!$C$2:$C$132,MATCH($A9,Skills!$A$2:$A$132,0)),""))
A10: Ignore all wanted skills → | B10: No | C10: =IF($B$10="Yes","all skills ignored — showing every piece","")
A12: 2. Matching armour (best matches first)
A13: Head | B13: Chest | C13: Arms | D13: Waist | E13: Legs
A14: =IFERROR(INDEX(Armour!$H$2:$H$346,MATCH(A$13&"#"&1,Armour!$K$2:$K$346,0)),"") | B14: =IFERROR(INDEX(Armour!$H$2:$H$346,MATCH(B$13&"#"&1,Armour!$K$2:$K$346,0)),"") | C14: =IFERROR(INDEX(Armour!$H$2:$H$346,MATCH(C$13&"#"&1,Armour!$K$2:$K$346,0)),"") | D14: =IFERROR(INDEX(Armour!$H$2:$H$346,MATCH(D$13&"#"&1,Armour!$K$2:$K$346,0)),"") | E14: =IFERROR(INDEX(Armour!$H$2:$H$346,MATCH(E$13&"#"&1,Armour!$K$2:$K$346,0)),"")
A15: =IFERROR(INDEX(Armour!$H$2:$H$346,MATCH(A$13&"#"&2,Armour!$K$2:$K$346,0)),"") | B15: =IFERROR(INDEX(Armour!$H$2:$H$346,MATCH(B$13&"#"&2,Armour!$K$2:$K$346,0)),"") | C15: =IFERROR(INDEX(Armour!$H$2:$H$346,MATCH(C$13&"#"&2,Armour!$K$2:$K$346,0)),"") | D15: =IFERROR(INDEX(Armour!$H$2:$H$346,MATCH(D$13&"#"&2,Armour!$K$2:$K$346,0)),"") | E15: =IFERROR(INDEX(Armour!$H$2:$H$346,MATCH(E$13&"#"&2,Armour!$K$2:$K$346,0)),"")
A16: =IFERROR(INDEX(Armour!$H$2:$H$346,MATCH(A$13&"#"&3,Armour!$K$2:$K$346,0)),"") | B16: =IFERROR(INDEX(Armour!$H$2:$H$346,MATCH(B$13&"#"&3,Armour!$K$2:$K$346,0)),"") | C16: =IFERROR(INDEX(Armour!$H$2:$H$346,MATCH(C$13&"#"&3,Armour!$K$2:$K$346,0)),"") | D16: =IFERROR(INDEX(Armour!$H$2:$H$346,MATCH(D$13&"#"&3,Armour!$K$2:$K$346,0)),"") | E16: =IFERROR(INDEX(Armour!$H$2:$H$346,MATCH(E$13&"#"&3,Armour!$K$2:$K$346,0)),"")
A17: =IFERROR(INDEX(Armour!$H$2:$H$346,MATCH(A$13&"#"&4,Armour!$K$2:$K$346,0)),"") | B17: =IFERROR(INDEX(Armour!$H$2:$H$346,MATCH(B$13&"#"&4,Armour!$K$2:$K$346,0)),"") | C17: =IFERROR(INDEX(Armour!$H$2:$H$346,MATCH(C$13&"#"&4,Armour!$K$2:$K$346,0)),"") | D17: =IFERROR(INDEX(Armour!$H$2:$H$346,MATCH(D$13&"#"&4,Armour!$K$2:$K$346,0)),"") | E17: =IFERROR(INDEX(Armour!$H$2:$H$346,MATCH(E$13&"#"&4,Armour!$K$2:$K$346,0)),"")
A18: =IFERROR(INDEX(Armour!$H$2:$H$346,MATCH(A$13&"#"&5,Armour!$K$2:$K$346,0)),"") | B18: =IFERROR(INDEX(Armour!$H$2:$H$346,MATCH(B$13&"#"&5,Armour!$K$2:$K$346,0)),"") | C18: =IFERROR(INDEX(Armour!$H$2:$H$346,MATCH(C$13&"#"&5,Armour!$K$2:$K$346,0)),"") | D18: =IFERROR(INDEX(Armour!$H$2:$H$346,MATCH(D$13&"#"&5,Armour!$K$2:$K$346,0)),"") | E18: =IFERROR(INDEX(Armour!$H$2:$H$346,MATCH(E$13&"#"&5,Armour!$K$2:$K$346,0)),"")
A19: =IFERROR(INDEX(Armour!$H$2:$H$346,MATCH(A$13&"#"&6,Armour!$K$2:$K$346,0)),"") | B19: =IFERROR(INDEX(Armour!$H$2:$H$346,MATCH(B$13&"#"&6,Armour!$K$2:$K$346,0)),"") | C19: =IFERROR(INDEX(Armour!$H$2:$H$346,MATCH(C$13&"#"&6,Armour!$K$2:$K$346,0)),"") | D19: =IFERROR(INDEX(Armour!$H$2:$H$346,MATCH(D$13&"#"&6,Armour!$K$2:$K$346,0)),"") | E19: =IFERROR(INDEX(Armour!$H$2:$H$346,MATCH(E$13&"#"&6,Armour!$K$2:$K$346,0)),"")
A20: =IFERROR(INDEX(Armour!$H$2:$H$346,MATCH(A$13&"#"&7,Armour!$K$2:$K$346,0)),"") | B20: =IFERROR(INDEX(Armour!$H$2:$H$346,MATCH(B$13&"#"&7,Armour!$K$2:$K$346,0)),"") | C20: =IFERROR(INDEX(Armour!$H$2:$H$346,MATCH(C$13&"#"&7,Armour!$K$2:$K$346,0)),"") | D20: =IFERROR(INDEX(Armour!$H$2:$H$346,MATCH(D$13&"#"&7,Armour!$K$2:$K$346,0)),"") | E20: =IFERROR(INDEX(Armour!$H$2:$H$346,MATCH(E$13&"#"&7,Armour!$K$2:$K$346,0)),"")
A21: =IFERROR(INDEX(Armour!$H$2:$H$346,MATCH(A$13&"#"&8,Armour!$K$2:$K$346,0)),"") | B21: =IFERROR(INDEX(Armour!$H$2:$H$346,MATCH(B$13&"#"&8,Armour!$K$2:$K$346,0)),"") | C21: =IFERROR(INDEX(Armour!$H$2:$H$346,MATCH(C$13&"#"&8,Armour!$K$2:$K$346,0)),"") | D21: =IFERROR(INDEX(Armour!$H$2:$H$346,MATCH(D$13&"#"&8,Armour!$K$2:$K$346,0)),"") | E21: =IFERROR(INDEX(Armour!$H$2:$H$346,MATCH(E$13&"#"&8,Armour!$K$2:$K$346,0)),"")
A22: =IFERROR(INDEX(Armour!$H$2:$H$346,MATCH(A$13&"#"&9,Armour!$K$2:$K$346,0)),"") | B22: =IFERROR(INDEX(Armour!$H$2:$H$346,MATCH(B$13&"#"&9,Armour!$K$2:$K$346,0)),"") | C22: =IFERROR(INDEX(Armour!$H$2:$H$346,MATCH(C$13&"#"&9,Armour!$K$2:$K$346,0)),"") | D22: =IFERROR(INDEX(Armour!$H$2:$H$346,MATCH(D$13&"#"&9,Armour!$K$2:$K$346,0)),"") | E22: =IFERROR(INDEX(Armour!$H$2:$H$346,MATCH(E$13&"#"&9,Armour!$K$2:$K$346,0)),"")
A23: =IFERROR(INDEX(Armour!$H$2:$H$346,MATCH(A$13&"#"&10,Armour!$K$2:$K$346,0)),"") | B23: =IFERROR(INDEX(Armour!$H$2:$H$346,MATCH(B$13&"#"&10,Armour!$K$2:$K$346,0)),"") | C23: =IFERROR(INDEX(Armour!$H$2:$H$346,MATCH(C$13&"#"&10,Armour!$K$2:$K$346,0)),"") | D23: =IFERROR(INDEX(Armour!$H$2:$H$346,MATCH(D$13&"#"&10,Armour!$K$2:$K$346,0)),"") | E23: =IFERROR(INDEX(Armour!$H$2:$H$346,MATCH(E$13&"#"&10,Armour!$K$2:$K$346,0)),"")
A24: =IFERROR(INDEX(Armour!$H$2:$H$346,MATCH(A$13&"#"&11,Armour!$K$2:$K$346,0)),"") | B24: =IFERROR(INDEX(Armour!$H$2:$H$346,MATCH(B$13&"#"&11,Armour!$K$2:$K$346,0)),"") | C24: =IFERROR(INDEX(Armour!$H$2:$H$346,MATCH(C$13&"#"&11,Armour!$K$2:$K$346,0)),"") | D24: =IFERROR(INDEX(Armour!$H$2:$H$346,MATCH(D$13&"#"&11,Armour!$K$2:$K$346,0)),"") | E24: =IFERROR(INDEX(Armour!$H$2:$H$346,MATCH(E$13&"#"&11,Armour!$K$2:$K$346,0)),"")
A25: =IFERROR(INDEX(Armour!$H$2:$H$346,MATCH(A$13&"#"&12,Armour!$K$2:$K$346,0)),"") | B25: =IFERROR(INDEX(Armour!$H$2:$H$346,MATCH(B$13&"#"&12,Armour!$K$2:$K$346,0)),"") | C25: =IFERROR(INDEX(Armour!$H$2:$H$346,MATCH(C$13&"#"&12,Armour!$K$2:$K$346,0)),"") | D25: =IFERROR(INDEX(Armour!$H$2:$H$346,MATCH(D$13&"#"&12,Armour!$K$2:$K$346,0)),"") | E25: =IFERROR(INDEX(Armour!$H$2:$H$346,MATCH(E$13&"#"&12,Armour!$K$2:$K$346,0)),"")
A26: =IFERROR(INDEX(Armour!$H$2:$H$346,MATCH(A$13&"#"&13,Armour!$K$2:$K$346,0)),"") | B26: =IFERROR(INDEX(Armour!$H$2:$H$346,MATCH(B$13&"#"&13,Armour!$K$2:$K$346,0)),"") | C26: =IFERROR(INDEX(Armour!$H$2:$H$346,MATCH(C$13&"#"&13,Armour!$K$2:$K$346,0)),"") | D26: =IFERROR(INDEX(Armour!$H$2:$H$346,MATCH(D$13&"#"&13,Armour!$K$2:$K$346,0)),"") | E26: =IFERROR(INDEX(Armour!$H$2:$H$346,MATCH(E$13&"#"&13,Armour!$K$2:$K$346,0)),"")
A27: =IFERROR(INDEX(Armour!$H$2:$H$346,MATCH(A$13&"#"&14,Armour!$K$2:$K$346,0)),"") | B27: =IFERROR(INDEX(Armour!$H$2:$H$346,MATCH(B$13&"#"&14,Armour!$K$2:$K$346,0)),"") | C27: =IFERROR(INDEX(Armour!$H$2:$H$346,MATCH(C$13&"#"&14,Armour!$K$2:$K$346,0)),"") | D27: =IFERROR(INDEX(Armour!$H$2:$H$346,MATCH(D$13&"#"&14,Armour!$K$2:$K$346,0)),"") | E27: =IFERROR(INDEX(Armour!$H$2:$H$346,MATCH(E$13&"#"&14,Armour!$K$2:$K$346,0)),"")
A28: =IFERROR(INDEX(Armour!$H$2:$H$346,MATCH(A$13&"#"&15,Armour!$K$2:$K$346,0)),"") | B28: =IFERROR(INDEX(Armour!$H$2:$H$346,MATCH(B$13&"#"&15,Armour!$K$2:$K$346,0)),"") | C28: =IFERROR(INDEX(Armour!$H$2:$H$346,MATCH(C$13&"#"&15,Armour!$K$2:$K$346,0)),"") | D28: =IFERROR(INDEX(Armour!$H$2:$H$346,MATCH(D$13&"#"&15,Armour!$K$2:$K$346,0)),"") | E28: =IFERROR(INDEX(Armour!$H$2:$H$346,MATCH(E$13&"#"&15,Armour!$K$2:$K$346,0)),"")
A29: =IFERROR(INDEX(Armour!$H$2:$H$346,MATCH(A$13&"#"&16,Armour!$K$2:$K$346,0)),"") | B29: =IFERROR(INDEX(Armour!$H$2:$H$346,MATCH(B$13&"#"&16,Armour!$K$2:$K$346,0)),"") | C29: =IFERROR(INDEX(Armour!$H$2:$H$346,MATCH(C$13&"#"&16,Armour!$K$2:$K$346,0)),"") | D29: =IFERROR(INDEX(Armour!$H$2:$H$346,MATCH(D$13&"#"&16,Armour!$K$2:$K$346,0)),"") | E29: =IFERROR(INDEX(Armour!$H$2:$H$346,MATCH(E$13&"#"&16,Armour!$K$2:$K$346,0)),"")
A30: =IFERROR(INDEX(Armour!$H$2:$H$346,MATCH(A$13&"#"&17,Armour!$K$2:$K$346,0)),"") | B30: =IFERROR(INDEX(Armour!$H$2:$H$346,MATCH(B$13&"#"&17,Armour!$K$2:$K$346,0)),"") | C30: =IFERROR(INDEX(Armour!$H$2:$H$346,MATCH(C$13&"#"&17,Armour!$K$2:$K$346,0)),"") | D30: =IFERROR(INDEX(Armour!$H$2:$H$346,MATCH(D$13&"#"&17,Armour!$K$2:$K$346,0)),"") | E30: =IFERROR(INDEX(Armour!$H$2:$H$346,MATCH(E$13&"#"&17,Armour!$K$2:$K$346,0)),"")
A31: =IFERROR(INDEX(Armour!$H$2:$H$346,MATCH(A$13&"#"&18,Armour!$K$2:$K$346,0)),"") | B31: =IFERROR(INDEX(Armour!$H$2:$H$346,MATCH(B$13&"#"&18,Armour!$K$2:$K$346,0)),"") | C31: =IFERROR(INDEX(Armour!$H$2:$H$346,MATCH(C$13&"#"&18,Armour!$K$2:$K$346,0)),"") | D31: =IFERROR(INDEX(Armour!$H$2:$H$346,MATCH(D$13&"#"&18,Armour!$K$2:$K$346,0)),"") | E31: =IFERROR(INDEX(Armour!$H$2:$H$346,MATCH(E$13&"#"&18,Armour!$K$2:$K$346,0)),"")
A32: =IFERROR(INDEX(Armour!$H$2:$H$346,MATCH(A$13&"#"&19,Armour!$K$2:$K$346,0)),"") | B32: =IFERROR(INDEX(Armour!$H$2:$H$346,MATCH(B$13&"#"&19,Armour!$K$2:$K$346,0)),"") | C32: =IFERROR(INDEX(Armour!$H$2:$H$346,MATCH(C$13&"#"&19,Armour!$K$2:$K$346,0)),"") | D32: =IFERROR(INDEX(Armour!$H$2:$H$346,MATCH(D$13&"#"&19,Armour!$K$2:$K$346,0)),"") | E32: =IFERROR(INDEX(Armour!$H$2:$H$346,MATCH(E$13&"#"&19,Armour!$K$2:$K$346,0)),"")
A33: =IFERROR(INDEX(Armour!$H$2:$H$346,MATCH(A$13&"#"&20,Armour!$K$2:$K$346,0)),"") | B33: =IFERROR(INDEX(Armour!$H$2:$H$346,MATCH(B$13&"#"&20,Armour!$K$2:$K$346,0)),"") | C33: =IFERROR(INDEX(Armour!$H$2:$H$346,MATCH(C$13&"#"&20,Armour!$K$2:$K$346,0)),"") | D33: =IFERROR(INDEX(Armour!$H$2:$H$346,MATCH(D$13&"#"&20,Armour!$K$2:$K$346,0)),"") | E33: =IFERROR(INDEX(Armour!$H$2:$H$346,MATCH(E$13&"#"&20,Armour!$K$2:$K$346,0)),"")
A34: ="— "&COUNTIFS(Armour!$B$2:$B$346,A$13,Armour!$I$2:$I$346,">0")&" match; showing up to 20" | B34: ="— "&COUNTIFS(Armour!$B$2:$B$346,B$13,Armour!$I$2:$I$346,">0")&" match; showing up to 20" | C34: ="— "&COUNTIFS(Armour!$B$2:$B$346,C$13,Armour!$I$2:$I$346,">0")&" match; showing up to 20" | D34: ="— "&COUNTIFS(Armour!$B$2:$B$346,D$13,Armour!$I$2:$I$346,">0")&" match; showing up to 20" | E34: ="— "&COUNTIFS(Armour!$B$2:$B$346,E$13,Armour!$I$2:$I$346,">0")&" match; showing up to 20"
A36: 3. Your build — pick one piece per slot
A37: Slot | B37: Piece | C37: Defence | D37: Drift slots
A38: Head | C38: =IF($B38="","",IFERROR(INDEX(Armour!$D$2:$D$346,MATCH($B38,Armour!$A$2:$A$346,0)),"")) | D38: =IF($B38="","",IFERROR(INDEX(Armour!$E$2:$E$346,MATCH($B38,Armour!$A$2:$A$346,0)),""))
A39: Chest | C39: =IF($B39="","",IFERROR(INDEX(Armour!$D$2:$D$346,MATCH($B39,Armour!$A$2:$A$346,0)),"")) | D39: =IF($B39="","",IFERROR(INDEX(Armour!$E$2:$E$346,MATCH($B39,Armour!$A$2:$A$346,0)),""))
A40: Arms | C40: =IF($B40="","",IFERROR(INDEX(Armour!$D$2:$D$346,MATCH($B40,Armour!$A$2:$A$346,0)),"")) | D40: =IF($B40="","",IFERROR(INDEX(Armour!$E$2:$E$346,MATCH($B40,Armour!$A$2:$A$346,0)),""))
A41: Waist | C41: =IF($B41="","",IFERROR(INDEX(Armour!$D$2:$D$346,MATCH($B41,Armour!$A$2:$A$346,0)),"")) | D41: =IF($B41="","",IFERROR(INDEX(Armour!$E$2:$E$346,MATCH($B41,Armour!$A$2:$A$346,0)),""))
A42: Legs | C42: =IF($B42="","",IFERROR(INDEX(Armour!$D$2:$D$346,MATCH($B42,Armour!$A$2:$A$346,0)),"")) | D42: =IF($B42="","",IFERROR(INDEX(Armour!$E$2:$E$346,MATCH($B42,Armour!$A$2:$A$346,0)),""))
A43: Total | B43: =COUNTA($B$38:$B$42)&" / 5 pieces" | C43: =SUM($C$38:$C$42) | D43: =SUM($D$38:$D$42)
A45: 4. Combined skills (levels of the same skill are added up)
A46: Skill | B46: Total | C46: Cap | D46: Effective | E46: Wasted
A47: =IFERROR(INDEX(Calc!$A$2:$A$132,MATCH(1,Calc!$C$2:$C$132,0)),"") | B47: =IF($A47="","",INDEX(Calc!$B$2:$B$132,MATCH($A47,Calc!$A$2:$A$132,0))) | C47: =IF($A47="","",IFERROR(INDEX(Skills!$C$2:$C$132,MATCH($A47,Skills!$A$2:$A$132,0)),"")) | D47: =IF($A47="","",MIN($B47,$C47)) | E47: =IF($A47="","",MAX(0,$B47-$C47))
A48: =IFERROR(INDEX(Calc!$A$2:$A$132,MATCH(2,Calc!$C$2:$C$132,0)),"") | B48: =IF($A48="","",INDEX(Calc!$B$2:$B$132,MATCH($A48,Calc!$A$2:$A$132,0))) | C48: =IF($A48="","",IFERROR(INDEX(Skills!$C$2:$C$132,MATCH($A48,Skills!$A$2:$A$132,0)),"")) | D48: =IF($A48="","",MIN($B48,$C48)) | E48: =IF($A48="","",MAX(0,$B48-$C48))
A49: =IFERROR(INDEX(Calc!$A$2:$A$132,MATCH(3,Calc!$C$2:$C$132,0)),"") | B49: =IF($A49="","",INDEX(Calc!$B$2:$B$132,MATCH($A49,Calc!$A$2:$A$132,0))) | C49: =IF($A49="","",IFERROR(INDEX(Skills!$C$2:$C$132,MATCH($A49,Skills!$A$2:$A$132,0)),"")) | D49: =IF($A49="","",MIN($B49,$C49)) | E49: =IF($A49="","",MAX(0,$B49-$C49))
A50: =IFERROR(INDEX(Calc!$A$2:$A$132,MATCH(4,Calc!$C$2:$C$132,0)),"") | B50: =IF($A50="","",INDEX(Calc!$B$2:$B$132,MATCH($A50,Calc!$A$2:$A$132,0))) | C50: =IF($A50="","",IFERROR(INDEX(Skills!$C$2:$C$132,MATCH($A50,Skills!$A$2:$A$132,0)),"")) | D50: =IF($A50="","",MIN($B50,$C50)) | E50: =IF($A50="","",MAX(0,$B50-$C50))
A51: =IFERROR(INDEX(Calc!$A$2:$A$132,MATCH(5,Calc!$C$2:$C$132,0)),"") | B51: =IF($A51="","",INDEX(Calc!$B$2:$B$132,MATCH($A51,Calc!$A$2:$A$132,0))) | C51: =IF($A51="","",IFERROR(INDEX(Skills!$C$2:$C$132,MATCH($A51,Skills!$A$2:$A$132,0)),"")) | D51: =IF($A51="","",MIN($B51,$C51)) | E51: =IF($A51="","",MAX(0,$B51-$C51))
A52: =IFERROR(INDEX(Calc!$A$2:$A$132,MATCH(6,Calc!$C$2:$C$132,0)),"") | B52: =IF($A52="","",INDEX(Calc!$B$2:$B$132,MATCH($A52,Calc!$A$2:$A$132,0))) | C52: =IF($A52="","",IFERROR(INDEX(Skills!$C$2:$C$132,MATCH($A52,Skills!$A$2:$A$132,0)),"")) | D52: =IF($A52="","",MIN($B52,$C52)) | E52: =IF($A52="","",MAX(0,$B52-$C52))
A53: =IFERROR(INDEX(Calc!$A$2:$A$132,MATCH(7,Calc!$C$2:$C$132,0)),"") | B53: =IF($A53="","",INDEX(Calc!$B$2:$B$132,MATCH($A53,Calc!$A$2:$A$132,0))) | C53: =IF($A53="","",IFERROR(INDEX(Skills!$C$2:$C$132,MATCH($A53,Skills!$A$2:$A$132,0)),"")) | D53: =IF($A53="","",MIN($B53,$C53)) | E53: =IF($A53="","",MAX(0,$B53-$C53))
A54: =IFERROR(INDEX(Calc!$A$2:$A$132,MATCH(8,Calc!$C$2:$C$132,0)),"") | B54: =IF($A54="","",INDEX(Calc!$B$2:$B$132,MATCH($A54,Calc!$A$2:$A$132,0))) | C54: =IF($A54="","",IFERROR(INDEX(Skills!$C$2:$C$132,MATCH($A54,Skills!$A$2:$A$132,0)),"")) | D54: =IF($A54="","",MIN($B54,$C54)) | E54: =IF($A54="","",MAX(0,$B54-$C54))
A55: =IFERROR(INDEX(Calc!$A$2:$A$132,MATCH(9,Calc!$C$2:$C$132,0)),"") | B55: =IF($A55="","",INDEX(Calc!$B$2:$B$132,MATCH($A55,Calc!$A$2:$A$132,0))) | C55: =IF($A55="","",IFERROR(INDEX(Skills!$C$2:$C$132,MATCH($A55,Skills!$A$2:$A$132,0)),"")) | D55: =IF($A55="","",MIN($B55,$C55)) | E55: =IF($A55="","",MAX(0,$B55-$C55))
A56: =IFERROR(INDEX(Calc!$A$2:$A$132,MATCH(10,Calc!$C$2:$C$132,0)),"") | B56: =IF($A56="","",INDEX(Calc!$B$2:$B$132,MATCH($A56,Calc!$A$2:$A$132,0))) | C56: =IF($A56="","",IFERROR(INDEX(Skills!$C$2:$C$132,MATCH($A56,Skills!$A$2:$A$132,0)),"")) | D56: =IF($A56="","",MIN($B56,$C56)) | E56: =IF($A56="","",MAX(0,$B56-$C56))
A57: =IFERROR(INDEX(Calc!$A$2:$A$132,MATCH(11,Calc!$C$2:$C$132,0)),"") | B57: =IF($A57="","",INDEX(Calc!$B$2:$B$132,MATCH($A57,Calc!$A$2:$A$132,0))) | C57: =IF($A57="","",IFERROR(INDEX(Skills!$C$2:$C$132,MATCH($A57,Skills!$A$2:$A$132,0)),"")) | D57: =IF($A57="","",MIN($B57,$C57)) | E57: =IF($A57="","",MAX(0,$B57-$C57))
A58: =IFERROR(INDEX(Calc!$A$2:$A$132,MATCH(12,Calc!$C$2:$C$132,0)),"") | B58: =IF($A58="","",INDEX(Calc!$B$2:$B$132,MATCH($A58,Calc!$A$2:$A$132,0))) | C58: =IF($A58="","",IFERROR(INDEX(Skills!$C$2:$C$132,MATCH($A58,Skills!$A$2:$A$132,0)),"")) | D58: =IF($A58="","",MIN($B58,$C58)) | E58: =IF($A58="","",MAX(0,$B58-$C58))
A59: =IFERROR(INDEX(Calc!$A$2:$A$132,MATCH(13,Calc!$C$2:$C$132,0)),"") | B59: =IF($A59="","",INDEX(Calc!$B$2:$B$132,MATCH($A59,Calc!$A$2:$A$132,0))) | C59: =IF($A59="","",IFERROR(INDEX(Skills!$C$2:$C$132,MATCH($A59,Skills!$A$2:$A$132,0)),"")) | D59: =IF($A59="","",MIN($B59,$C59)) | E59: =IF($A59="","",MAX(0,$B59-$C59))
A60: =IFERROR(INDEX(Calc!$A$2:$A$132,MATCH(14,Calc!$C$2:$C$132,0)),"") | B60: =IF($A60="","",INDEX(Calc!$B$2:$B$132,MATCH($A60,Calc!$A$2:$A$132,0))) | C60: =IF($A60="","",IFERROR(INDEX(Skills!$C$2:$C$132,MATCH($A60,Skills!$A$2:$A$132,0)),"")) | D60: =IF($A60="","",MIN($B60,$C60)) | E60: =IF($A60="","",MAX(0,$B60-$C60))
A61: =IFERROR(INDEX(Calc!$A$2:$A$132,MATCH(15,Calc!$C$2:$C$132,0)),"") | B61: =IF($A61="","",INDEX(Calc!$B$2:$B$132,MATCH($A61,Calc!$A$2:$A$132,0))) | C61: =IF($A61="","",IFERROR(INDEX(Skills!$C$2:$C$132,MATCH($A61,Skills!$A$2:$A$132,0)),"")) | D61: =IF($A61="","",MIN($B61,$C61)) | E61: =IF($A61="","",MAX(0,$B61-$C61))
A62: =IFERROR(INDEX(Calc!$A$2:$A$132,MATCH(16,Calc!$C$2:$C$132,0)),"") | B62: =IF($A62="","",INDEX(Calc!$B$2:$B$132,MATCH($A62,Calc!$A$2:$A$132,0))) | C62: =IF($A62="","",IFERROR(INDEX(Skills!$C$2:$C$132,MATCH($A62,Skills!$A$2:$A$132,0)),"")) | D62: =IF($A62="","",MIN($B62,$C62)) | E62: =IF($A62="","",MAX(0,$B62-$C62))
A63: =IFERROR(INDEX(Calc!$A$2:$A$132,MATCH(17,Calc!$C$2:$C$132,0)),"") | B63: =IF($A63="","",INDEX(Calc!$B$2:$B$132,MATCH($A63,Calc!$A$2:$A$132,0))) | C63: =IF($A63="","",IFERROR(INDEX(Skills!$C$2:$C$132,MATCH($A63,Skills!$A$2:$A$132,0)),"")) | D63: =IF($A63="","",MIN($B63,$C63)) | E63: =IF($A63="","",MAX(0,$B63-$C63))
A64: =IFERROR(INDEX(Calc!$A$2:$A$132,MATCH(18,Calc!$C$2:$C$132,0)),"") | B64: =IF($A64="","",INDEX(Calc!$B$2:$B$132,MATCH($A64,Calc!$A$2:$A$132,0))) | C64: =IF($A64="","",IFERROR(INDEX(Skills!$C$2:$C$132,MATCH($A64,Skills!$A$2:$A$132,0)),"")) | D64: =IF($A64="","",MIN($B64,$C64)) | E64: =IF($A64="","",MAX(0,$B64-$C64))
A65: =IFERROR(INDEX(Calc!$A$2:$A$132,MATCH(19,Calc!$C$2:$C$132,0)),"") | B65: =IF($A65="","",INDEX(Calc!$B$2:$B$132,MATCH($A65,Calc!$A$2:$A$132,0))) | C65: =IF($A65="","",IFERROR(INDEX(Skills!$C$2:$C$132,MATCH($A65,Skills!$A$2:$A$132,0)),"")) | D65: =IF($A65="","",MIN($B65,$C65)) | E65: =IF($A65="","",MAX(0,$B65-$C65))
A66: =IFERROR(INDEX(Calc!$A$2:$A$132,MATCH(20,Calc!$C$2:$C$132,0)),"") | B66: =IF($A66="","",INDEX(Calc!$B$2:$B$132,MATCH($A66,Calc!$A$2:$A$132,0))) | C66: =IF($A66="","",IFERROR(INDEX(Skills!$C$2:$C$132,MATCH($A66,Skills!$A$2:$A$132,0)),"")) | D66: =IF($A66="","",MIN($B66,$C66)) | E66: =IF($A66="","",MAX(0,$B66-$C66))
A67: =IFERROR(INDEX(Calc!$A$2:$A$132,MATCH(21,Calc!$C$2:$C$132,0)),"") | B67: =IF($A67="","",INDEX(Calc!$B$2:$B$132,MATCH($A67,Calc!$A$2:$A$132,0))) | C67: =IF($A67="","",IFERROR(INDEX(Skills!$C$2:$C$132,MATCH($A67,Skills!$A$2:$A$132,0)),"")) | D67: =IF($A67="","",MIN($B67,$C67)) | E67: =IF($A67="","",MAX(0,$B67-$C67))
A68: =IFERROR(INDEX(Calc!$A$2:$A$132,MATCH(22,Calc!$C$2:$C$132,0)),"") | B68: =IF($A68="","",INDEX(Calc!$B$2:$B$132,MATCH($A68,Calc!$A$2:$A$132,0))) | C68: =IF($A68="","",IFERROR(INDEX(Skills!$C$2:$C$132,MATCH($A68,Skills!$A$2:$A$132,0)),"")) | D68: =IF($A68="","",MIN($B68,$C68)) | E68: =IF($A68="","",MAX(0,$B68-$C68))
A69: =IFERROR(INDEX(Calc!$A$2:$A$132,MATCH(23,Calc!$C$2:$C$132,0)),"") | B69: =IF($A69="","",INDEX(Calc!$B$2:$B$132,MATCH($A69,Calc!$A$2:$A$132,0))) | C69: =IF($A69="","",IFERROR(INDEX(Skills!$C$2:$C$132,MATCH($A69,Skills!$A$2:$A$132,0)),"")) | D69: =IF($A69="","",MIN($B69,$C69)) | E69: =IF($A69="","",MAX(0,$B69-$C69))
A70: =IFERROR(INDEX(Calc!$A$2:$A$132,MATCH(24,Calc!$C$2:$C$132,0)),"") | B70: =IF($A70="","",INDEX(Calc!$B$2:$B$132,MATCH($A70,Calc!$A$2:$A$132,0))) | C70: =IF($A70="","",IFERROR(INDEX(Skills!$C$2:$C$132,MATCH($A70,Skills!$A$2:$A$132,0)),"")) | D70: =IF($A70="","",MIN($B70,$C70)) | E70: =IF($A70="","",MAX(0,$B70-$C70))

Sheet About
A1: Monster Hunter Now — Armour Picker
A3: How to use it
A4: 1. On the Picker tab, choose up to 5 skills in the shaded cells (section 1).
A5: 2. Section 2 lists the armour in each slot carrying at least one of those skills,
A6: best matches first, shown as "Name — Skill (level), Skill (level)".
A7: 3. In section 3, pick one piece per slot from the shaded dropdowns.
A8: 4. Section 4 adds up the skills across the five pieces you picked.
A10: Clearing your choices
A11: To clear ONE skill, pick "(none)" — it is the first entry in the same dropdown.
A12: A dropdown built from a list offers no blank entry, which is why the sentinel exists.
A13: To drop them ALL at once, set "Ignore all wanted skills" to Yes. That leaves what you
A14: chose in place but stops it filtering, so every piece is listed again. Set it back to No
... A39: and working columns. You can ignore them.

Sheet Skills
A1: Skill | B1: Category | C1: Max level
A2: Advanced Attack Boost | B2: Attack | C2: 2
A3: Advanced Burst | B3: Attack | C3: 2
A4: Advanced Dragon Attack | B4: Element | C4: 2
A5: Advanced Ice Attack | B5: Element | C5: 2
A6: Advanced Thunder Attack | B6: Element | C6: 2
A7: Advanced Water Attack | B7: Element | C7: 2
A8: Aggressive Dodger | B8: Attack | C8: 5
A9: Ailment Opportunist | B9: Element | C9: 5
A10: Artful Dodger | B10: Action | C10: 3
A11: Artillery | B11: Attack | C11: 5
A12: Attack Boost | B12: Attack | C12: 5
A13: Attack Efficacy | B13: Attack | C13: 3
... A132: Windproof | B132: Defense/Resistance | C132: 3

Sheet Armour
A1: Name | B1: Slot | C1: Series | D1: Defence | E1: Drift slots | F1: Grade | G1: Skills | H1: Display | I1: Matches | J1: Rank | K1: Key | L1: Skill 1 | M1: Lv 1 | N1: Skill 2 | O1: Lv 2 | P1: Skill 3 | Q1: Lv 3
A2: Aknosom Helm | B2: Head | C2: Aknosom Set | D2: 197 | E2: 1 | F2: 10 | G2: Defensive Loading (2) | H2: Aknosom Helm — Defensive Loading (2) | I2: =IF(OR(Picker!$B$10="Yes",SUMPRODUCT((Picker!$A$5:$A$9<>"")*(Picker!$A$5:$A$9<>"(none)"))=0),1,IF($L2="",0,COUNTIF(Picker!$A$5:$A$9,$L2))+IF($N2="",0,COUNTIF(Picker!$A$5:$A$9,$N2))+IF($P2="",0,COUNTIF(Picker!$A$5:$A$9,$P2))) | J2: =IF($I2=0,"",COUNTIFS($B$2:$B$346,$B2,$I$2:$I$346,">"&$I2)+COUNTIFS($B$2:$B2,$B2,$I$2:$I2,$I2)) | K2: =IF($J2="","",$B2&"#"&$J2) | L2: Defensive Loading | M2: 2
A3: Alloy Helm | B3: Head | C3: Alloy Set | D3: 197 | E3: 1 | F3: 10 | G3: Earplugs (3) | H3: Alloy Helm — Earplugs (3) | I3: =IF(OR(Picker!$B$10="Yes",SUMPRODUCT((Picker!$A$5:$A$9<>"")*(Picker!$A$5:$A$9<>"(none)"))=0),1,IF($L3="",0,COUNTIF(Picker!$A$5:$A$9,$L3))+IF($N3="",0,COUNTIF(Picker!$A$5:$A$9,$N3))+IF($P3="",0,COUNTIF(Picker!$A$5:$A$9,$P3))) | J3: =IF($I3=0,"",COUNTIFS($B$2:$B$346,$B3,$I$2:$I$346,">"&$I3)+COUNTIFS($B$2:$B3,$B3,$I$2:$I3,$I3)) | K3: =IF($J3="","",$B3&"#"&$J3) | L3: Earplugs | M3: 3
A4: Almudron Helm | B4: Head | C4: Almudron Set | D4: 197 | E4: 1 | F4: 10 | G4: Water Attack (1), Sneak Attack (1), Advanced Water Attack (1) | H4: Almudron Helm — Water Attack (1), Sneak Attack (1), Advanced Water Attack (1) | I4: =IF(OR(Picker!$B$10="Yes",SUMPRODUCT((Picker!$A$5:$A$9<>"")*(Picker!$A$5:$A$9<>"(none)"))=0),1,IF($L4="",0,COUNTIF(Picker!$A$5:$A$9,$L4))+IF($N4="",0,COUNTIF(Picker!$A$5:$A$9,$N4))+IF($P4="",0,COUNTIF(Picker!$A$5:$A$9,$P4))) | J4: =IF($I4=0,"",COUNTIFS($B$2:$B$346,$B4,$I$2:$I$346,">"&$I4)+COUNTIFS($B$2:$B4,$B4,$I$2:$I4,$I4)) | K4: =IF($J4="","",$B4&"#"&$J4) | L4: Water Attack | M4: 1 | N4: Sneak Attack | O4: 1 | P4: Advanced Water Attack | Q4: 1
A5: Anja Helm | B5: Head | C5: Anjanath Set | D5: 197 | E5: 1 | F5: 10 | G5: Fire Resistance (1), Fire Attack (2) | H5: Anja Helm — Fire Resistance (1), Fire Attack (2) | I5: =IF(OR(Picker!$B$10="Yes",SUMPRODUCT((Picker!$A$5:$A$9<>"")*(Picker!$A$5:$A$9<>"(none)"))=0),1,IF($L5="",0,COUNTIF(Picker!$A$5:$A$9,$L5))+IF($N5="",0,COUNTIF(Picker!$A$5:$A$9,$N5))+IF($P5="",0,COUNTIF(Picker!$A$5:$A$9,$P5))) | J5: =IF($I5=0,"",COUNTIFS($B$2:$B$346,$B5,$I$2:$I$346,">"&$I5)+COUNTIFS($B$2:$B5,$B5,$I$2:$I5,$I5)) | K5: =IF($J5="","",$B5&"#"&$J5) | L5: Fire Resistance | M5: 1 | N5: Fire Attack | O5: 2
A6: Arzuros Helm | B6: Head | C6: Arzuros Set | D6: 197 | E6: 1 | F6: 10 | G6: Shared Shield (1), Shared Sword (1) | H6: Arzuros Helm — Shared Shield (1), Shared Sword (1) | I6: =IF(OR(Picker!$B$10="Yes",SUMPRODUCT((Picker!$A$5:$A$9<>"")*(Picker!$A$5:$A$9<>"(none)"))=0),1,IF($L6="",0,COUNTIF(Picker!$A$5:$A$9,$L6))+IF($N6="",0,COUNTIF(Picker!$A$5:$A$9,$N6))+IF($P6="",0,COUNTIF(Picker!$A$5:$A$9,$P6))) | J6: =IF($I6=0,"",COUNTIFS($B$2:$B$346,$B6,$I$2:$I$346,">"&$I6)+COUNTIFS($B$2:$B6,$B6,$I$2:$I6,$I6)) | K6: =IF($J6="","",$B6&"#"&$J6) | L6: Shared Shield | M6: 1 | N6: Shared Sword | O6: 1
A7: Astalos Helm | B7: Head | C7: Astalos Set | D7: 197 | E7: 1 | F7: 10 | G7: Thunder Attack (1), Reload Speed (1), Advanced Thunder Attack (1) | H7: Astalos Helm — Thunder Attack (1), Reload Speed (1), Advanced Thunder Attack (1) | I7: =IF(OR(Picker!$B$10="Yes",SUMPRODUCT((Picker!$A$5:$A$9<>"")*(Picker!$A$5:$A$9<>"(none)"))=0),1,IF($L7="",0,COUNTIF(Picker!$A$5:$A$9,$L7))+IF($N7="",0,COUNTIF(Picker!$A$5:$A$9,$N7))+IF($P7="",0,COUNTIF(Picker!$A$5:$A$9,$P7))) | J7: =IF($I7=0,"",COUNTIFS($B$2:$B$346,$B7,$I$2:$I$346,">"&$I7)+COUNTIFS($B$2:$B7,$B7,$I$2:$I7,$I7)) | K7: =IF($J7="","",$B7&"#"&$J7) | L7: Thunder Attack | M7: 1 | N7: Reload Speed | O7: 1 | P7: Advanced Thunder Attack | Q7: 1
A8: Baan Helm | B8: Head | C8: Radobaan Set | D8: 197 | E8: 1 | F8: 10 | G8: Guard (2) | H8: Baan Helm — Guard (2) | I8: =IF(OR(Picker!$B$10="Yes",SUMPRODUCT((Picker!$A$5:$A$9<>"")*(Picker!$A$5:$A$9<>"(none)"))=0),1,IF($L8="",0,COUNTIF(Picker!$A$5:$A$9,$L8))+IF($N8="",0,COUNTIF(Picker!$A$5:$A$9,$N8))+IF($P8="",0,COUNTIF(Picker!$A$5:$A$9,$P8))) | J8: =IF($I8=0,"",COUNTIFS($B$2:$B$346,$B8,$I$2:$I$346,">"&$I8)+COUNTIFS($B$2:$B8,$B8,$I$2:$I8,$I8)) | K8: =IF($J8="","",$B8&"#"&$J8) | L8: Guard | M8: 2
A9: Banbaro Helm | B9: Head | C9: Banbaro Set | D9: 197 | E9: 1 | F9: 10 | G9: Recoil Down (1), Tremor Resistance (1) | H9: Banbaro Helm — Recoil Down (1), Tremor Resistance (1) | I9: =IF(OR(Picker!$B$10="Yes",SUMPRODUCT((Picker!$A$5:$A$9<>"")*(Picker!$A$5:$A$9<>"(none)"))=0),1,IF($L9="",0,COUNTIF(Picker!$A$5:$A$9,$L9))+IF($N9="",0,COUNTIF(Picker!$A$5:$A$9,$N9))+IF($P9="",0,COUNTIF(Picker!$A$5:$A$9,$P9))) | J9: =IF($I9=0,"",COUNTIFS($B$2:$B$346,$B9,$I$2:$I$346,">"&$I9)+COUNTIFS($B$2:$B9,$B9,$I$2:$I9,$I9)) | K9: =IF($J9="","",$B9&"#"&$J9) | L9: Recoil Down | M9: 1 | N9: Tremor Resistance | O9: 1
A10: Barioth Helm | B10: Head | C10: Barioth Set | D10: 197 | E10: 1 | F10: 10 | G10: Evade Extender (1), Skyward Striker (2) | H10: Barioth Helm — Evade Extender (1), Skyward Striker (2) | I10: =IF(OR(Picker!$B$10="Yes",SUMPRODUCT((Picker!$A$5:$A$9<>"")*(Picker!$A$5:$A$9<>"(none)"))=0),1,IF($L10="",0,COUNTIF(Picker!$A$5:$A$9,$L10))+IF($N10="",0,COUNTIF(Picker!$A$5:$A$9,$N10))+IF($P10="",0,COUNTIF(Picker!$A$5:$A$9,$P10))) | J10: =IF($I10=0,"",COUNTIFS($B$2:$B$346,$B10,$I$2:$I$346,">"&$I10)+COUNTIFS($B$2:$B10,$B10,$I$2:$I10,$I10)) | K10: =IF($J10="","",$B10&"#"&$J10) | L10: Evade Extender | M10: 1 | N10: Skyward Striker | O10: 2
A11: Barroth Helm | B11: Head | C11: Barroth Set | D11: 197 | E11: 1 | F11: 10 | G11: Defense Boost (1), Offensive Guard (2) | H11: Barroth Helm — Defense Boost (1), Offensive Guard (2) | I11: =IF(OR(Picker!$B$10="Yes",SUMPRODUCT((Picker!$A$5:$A$9<>"")*(Picker!$A$5:$A$9<>"(none)"))=0),1,IF($L11="",0,COUNTIF(Picker!$A$5:$A$9,$L11))+IF($N11="",0,COUNTIF(Picker!$A$5:$A$9,$N11))+IF($P11="",0,COUNTIF(Picker!$A$5:$A$9,$P11))) | J11: =IF($I11=0,"",COUNTIFS($B$2:$B$346,$B11,$I$2:$I$346,">"&$I11)+COUNTIFS($B$2:$B11,$B11,$I$2:$I11,$I11)) | K11: =IF($J11="","",$B11&"#"&$J11) | L11: Defense Boost | M11: 1 | N11: Offensive Guard | O11: 2
A12: Basarios Helm | B12: Head | C12: Basarios Set | D12: 197 | E12: 2 | F12: 10 | G12: Sleep Resistance (2) | H12: Basarios Helm — Sleep Resistance (2) | I12: =IF(OR(Picker!$B$10="Yes",SUMPRODUCT((Picker!$A$5:$A$9<>"")*(Picker!$A$5:$A$9<>"(none)"))=0),1,IF($L12="",0,COUNTIF(Picker!$A$5:$A$9,$L12))+IF($N12="",0,COUNTIF(Picker!$A$5:$A$9,$N12))+IF($P12="",0,COUNTIF(Picker!$A$5:$A$9,$P12))) | J12: =IF($I12=0,"",COUNTIFS($B$2:$B$346,$B12,$I$2:$I$346,">"&$I12)+COUNTIFS($B$2:$B12,$B12,$I$2:$I12,$I12)) | K12: =IF($J12="","",$B12&"#"&$J12) | L12: Sleep Resistance | M12: 2
A13: Bazelgeuse Helm | B13: Head | C13: Bazelgeuse Set | D13: 197 | E13: 1 | F13: 10 | G13: Reload Speed (2), Artillery (1) | H13: Bazelgeuse Helm — Reload Speed (2), Artillery (1) | I13: =IF(OR(Picker!$B$10="Yes",SUMPRODUCT((Picker!$A$5:$A$9<>"")*(Picker!$A$5:$A$9<>"(none)"))=0),1,IF($L13="",0,COUNTIF(Picker!$A$5:$A$9,$L13))+IF($N13="",0,COUNTIF(Picker!$A$5:$A$9,$N13))+IF($P13="",0,COUNTIF(Picker!$A$5:$A$9,$P13))) | J13: =IF($I13=0,"",COUNTIFS($B$2:$B$346,$B13,$I$2:$I$346,">"&$I13)+COUNTIFS($B$2:$B13,$B13,$I$2:$I13,$I13)) | K13: =IF($J13="","",$B13&"#"&$J13) | L13: Reload Speed | M13: 2 | N13: Artillery | O13: 1
A14: Beotodus Helm | B14: Head | C14: Beotodus Set | D14: 197 | E14: 1 | F14: 10 | G14: Peak Performance (3) | H14: Beotodus Helm — Peak Performance (3) | I14: =IF(OR(Picker!$B$10="Yes",SUMPRODUCT((Picker!$A$5:$A$9<>"")*(Picker!$A$5:$A$9<>"(none)"))=0),1,IF($L14="",0,COUNTIF(Picker!$A$5:$A$9,$L14))+IF($N14="",0,COUNTIF(Picker!$A$5:$A$9,$N14))+IF($P14="",0,COUNTIF(Picker!$A$5:$A$9,$P14))) | J14: =IF($I14=0,"",COUNTIFS($B$2:$B$346,$B14,$I$2:$I$346,">"&$I14)+COUNTIFS($B$2:$B14,$B14,$I$2:$I14,$I14)) | K14: =IF($J14="","",$B14&"#"&$J14) | L14: Peak Performance | M14: 3
A15: Bishaten Helm | B15: Head | C15: Bishaten Set | D15: 197 | E15: 1 | F15: 10 | G15: Paralysis Exploit (2) | H15: Bishaten Helm — Paralysis Exploit (2) | I15: =IF(OR(Picker!$B$10="Yes",SUMPRODUCT((Picker!$A$5:$A$9<>"")*(Picker!$A$5:$A$9<>"(none)"))=0),1,IF($L15="",0,COUNTIF(Picker!$A$5:$A$9,$L15))+IF($N15="",0,COUNTIF(Picker!$A$5:$A$9,$N15))+IF($P15="",0,COUNTIF(Picker!$A$5:$A$9,$P15))) | J15: =IF($I15=0,"",COUNTIFS($B$2:$B$346,$B15,$I$2:$I$346,">"&$I15)+COUNTIFS($B$2:$B15,$B15,$I$2:$I15,$I15)) | K15: =IF($J15="","",$B15&"#"&$J15) | L15: Paralysis Exploit | M15: 2
A16: Ceanataur Helm | B16: Head | C16: Ceanataur Set | D16: 197 | E16: 1 | F16: 10 | G16: Pursuit (1), Vital Water (1) | H16: Ceanataur Helm — Pursuit (1), Vital Water (1) | I16: =IF(OR(Picker!$B$10="Yes",SUMPRODUCT((Picker!$A$5:$A$9<>"")*(Picker!$A$5:$A$9<>"(none)"))=0),1,IF($L16="",0,COUNTIF(Picker!$A$5:$A$9,$L16))+IF($N16="",0,COUNTIF(Picker!$A$5:$A$9,$N16))+IF($P16="",0,COUNTIF(Picker!$A$5:$A$9,$P16))) | J16: =IF($I16=0,"",COUNTIFS($B$2:$B$346,$B16,$I$2:$I$346,">"&$I16)+COUNTIFS($B$2:$B16,$B16,$I$2:$I16,$I16)) | K16: =IF($J16="","",$B16&"#"&$J16) | L16: Pursuit | M16: 1 | N16: Vital Water | O16: 1
A17: Chatacabra Helm | B17: Head | C17: Chatacabra Set | D17: 197 | E17: 1 | F17: 10 | G17: Sneak Attack (2), Litheness (1) | H17: Chatacabra Helm — Sneak Attack (2), Litheness (1) | I17: =IF(OR(Picker!$B$10="Yes",SUMPRODUCT((Picker!$A$5:$A$9<>"")*(Picker!$A$5:$A$9<>"(none)"))=0),1,IF($L17="",0,COUNTIF(Picker!$A$5:$A$9,$L17))+IF($N17="",0,COUNTIF(Picker!$A$5:$A$9,$N17))+IF($P17="",0,COUNTIF(Picker!$A$5:$A$9,$P17))) | J17: =IF($I17=0,"",COUNTIFS($B$2:$B$346,$B17,$I$2:$I$346,">"&$I17)+COUNTIFS($B$2:$B17,$B17,$I$2:$I17,$I17)) | K17: =IF($J17="","",$B17&"#"&$J17) | L17: Sneak Attack | M17: 2 | N17: Litheness | O17: 1
A18: Death Garon Helm | B18: Head | C18: Death Garon Set | D18: 197 | E18: 1 | F18: 10 | G18: Resuscitate (1), Bleeding Edge (1) | H18: Death Garon Helm — Resuscitate (1), Bleeding Edge (1) | I18: =IF(OR(Picker!$B$10="Yes",SUMPRODUCT((Picker!$A$5:$A$9<>"")*(Picker!$A$5:$A$9<>"(none)"))=0),1,IF($L18="",0,COUNTIF(Picker!$A$5:$A$9,$L18))+IF($N18="",0,COUNTIF(Picker!$A$5:$A$9,$N18))+IF($P18="",0,COUNTIF(Picker!$A$5:$A$9,$P18))) | J18: =IF($I18=0,"",COUNTIFS($B$2:$B$346,$B18,$I$2:$I$346,">"&$I18)+COUNTIFS($B$2:$B18,$B18,$I$2:$I18,$I18)) | K18: =IF($J18="","",$B18&"#"&$J18) | L18: Resuscitate | M18: 1 | N18: Bleeding Edge | O18: 1
A19: Diablos Helm | B19: Head | C19: Diablos Set | D19: 197 | E19: 1 | F19: 10 | G19: Heroics (2) | H19: Diablos Helm — Heroics (2) | I19: =IF(OR(Picker!$B$10="Yes",SUMPRODUCT((Picker!$A$5:$A$9<>"")*(Picker!$A$5:$A$9<>"(none)"))=0),1,IF($L19="",0,COUNTIF(Picker!$A$5:$A$9,$L19))+IF($N19="",0,COUNTIF(Picker!$A$5:$A$9,$N19))+IF($P19="",0,COUNTIF(Picker!$A$5:$A$9,$P19))) | J19: =IF($I19=0,"",COUNTIFS($B$2:$B$346,$B19,$I$2:$I$346,">"&$I19)+COUNTIFS($B$2:$B19,$B19,$I$2:$I19,$I19)) | K19: =IF($J19="","",$B19&"#"&$J19) | L19: Heroics | M19: 2
A20: Diablos Nero Helm | B20: Head | C20: Black Diablos Set | D20: 197 | E20: 1 | F20: 10 | G20: Partbreaker (2), Resentment (1) | H20: Diablos Nero Helm — Partbreaker (2), Resentment (1) | I20: =IF(OR(Picker!$B$10="Yes",SUMPRODUCT((Picker!$A$5:$A$9<>"")*(Picker!$A$5:$A$9<>"(none)"))=0),1,IF($L20="",0,COUNTIF(Picker!$A$5:$A$9,$L20))+IF($N20="",0,COUNTIF(Picker!$A$5:$A$9,$N20))+IF($P20="",0,COUNTIF(Picker!$A$5:$A$9,$P20))) | J20: =IF($I20=0,"",COUNTIFS($B$2:$B$346,$B20,$I$2:$I$346,">"&$I20)+COUNTIFS($B$2:$B20,$B20,$I$2:$I20,$I20)) | K20: =IF($J20="","",$B20&"#"&$J20) | L20: Partbreaker | M20: 2 | N20: Resentment | O20: 1
A21: Espinas Brain | B21: Head | C21: Espinas Set | D21: 197 | E21: 1 | F21: 10 | G21: Health Boost (1), Vital Fire (1) | H21: Espinas Brain — Health Boost (1), Vital Fire (1) | I21: =IF(OR(Picker!$B$10="Yes",SUMPRODUCT((Picker!$A$5:$A$9<>"")*(Picker!$A$5:$A$9<>"(none)"))=0),1,IF($L21="",0,COUNTIF(Picker!$A$5:$A$9,$L21))+IF($N21="",0,COUNTIF(Picker!$A$5:$A$9,$N21))+IF($P21="",0,COUNTIF(Picker!$A$5:$A$9,$P21))) | J21: =IF($I21=0,"",COUNTIFS($B$2:$B$346,$B21,$I$2:$I$346,">"&$I21)+COUNTIFS($B$2:$B21,$B21,$I$2:$I21,$I21)) | K21: =IF($J21="","",$B21&"#"&$J21) | L21: Health Boost | M21: 1 | N21: Vital Fire | O21: 1
A22: Fulgur Helm | B22: Head | C22: Fulgur Set | D22: 197 | E22: 1 | F22: 10 | G22: Special Boost (1), Special Partbreaker (2) | H22: Fulgur Helm — Special Boost (1), Special Partbreaker (2) | I22: =IF(OR(Picker!$B$10="Yes",SUMPRODUCT((Picker!$A$5:$A$9<>"")*(Picker!$A$5:$A$9<>"(none)"))=0),1,IF($L22="",0,COUNTIF(Picker!$A$5:$A$9,$L22))+IF($N22="",0,COUNTIF(Picker!$A$5:$A$9,$N22))+IF($P22="",0,COUNTIF(Picker!$A$5:$A$9,$P22))) | J22: =IF($I22=0,"",COUNTIFS($B$2:$B$346,$B22,$I$2:$I$346,">"&$I22)+COUNTIFS($B$2:$B22,$B22,$I$2:$I22,$I22)) | K22: =IF($J22="","",$B22&"#"&$J22) | L22: Special Boost | M22: 1 | N22: Special Partbreaker | O22: 2
A23: Girros Mask | B23: Head | C23: Girros Set | D23: 197 | E23: 2 | F23: 10 | G23: Paralysis Resistance (3) | H23: Girros Mask — Paralysis Resistance (3) | I23: =IF(OR(Picker!$B$10="Yes",SUMPRODUCT((Picker!$A$5:$A$9<>"")*(Picker!$A$5:$A$9<>"(none)"))=0),1,IF($L23="",0,COUNTIF(Picker!$A$5:$A$9,$L23))+IF($N23="",0,COUNTIF(Picker!$A$5:$A$9,$N23))+IF($P23="",0,COUNTIF(Picker!$A$5:$A$9,$P23))) | J23: =IF($I23=0,"",COUNTIFS($B$2:$B$346,$B23,$I$2:$I$346,">"&$I23)+COUNTIFS($B$2:$B23,$B23,$I$2:$I23,$I23)) | K23: =IF($J23="","",$B23&"#"&$J23) | L23: Paralysis Resistance | M23: 3
A24: Glavenus Helm | B24: Head | C24: Glavenus Set | D24: 197 | E24: 1 | F24: 10 | G24: Raw Power (2) | H24: Glavenus Helm — Raw Power (2) | I24: =IF(OR(Picker!$B$10="Yes",SUMPRODUCT((Picker!$A$5:$A$9<>"")*(Picker!$A$5:$A$9<>"(none)"))=0),1,IF($L24="",0,COUNTIF(Picker!$A$5:$A$9,$L24))+IF($N24="",0,COUNTIF(Picker!$A$5:$A$9,$N24))+IF($P24="",0,COUNTIF(Picker!$A$5:$A$9,$P24))) | J24: =IF($I24=0,"",COUNTIFS($B$2:$B$346,$B24,$I$2:$I$346,">"&$I24)+COUNTIFS($B$2:$B24,$B24,$I$2:$I24,$I24)) | K24: =IF($J24="","",$B24&"#"&$J24) | L24: Raw Power | M24: 2
A25: Golden Headdress | B25: Head | C25: Golden Set | D25: 197 | E25: 2 | F25: 10 | G25: Thunder Resistance (3) | H25: Golden Headdress — Thunder Resistance (3) | I25: =IF(OR(Picker!$B$10="Yes",SUMPRODUCT((Picker!$A$5:$A$9<>"")*(Picker!$A$5:$A$9<>"(none)"))=0),1,IF($L25="",0,COUNTIF(Picker!$A$5:$A$9,$L25))+IF($N25="",0,COUNTIF(Picker!$A$5:$A$9,$N25))+IF($P25="",0,COUNTIF(Picker!$A$5:$A$9,$P25))) | J25: =IF($I25=0,"",COUNTIFS($B$2:$B$346,$B25,$I$2:$I$346,">"&$I25)+COUNTIFS($B$2:$B25,$B25,$I$2:$I25,$I25)) | K25: =IF($J25="","",$B25&"#"&$J25) | L25: Thunder Resistance | M25: 3
A26: Golden Lunehelm | B26: Head | C26: Golden Lune Set | D26: 197 | E26: 1 | F26: 10 | G26: Divine Blessing (2), Resentment (1) | H26: Golden Lunehelm — Divine Blessing (2), Resentment (1) | I26: =IF(OR(Picker!$B$10="Yes",SUMPRODUCT((Picker!$A$5:$A$9<>"")*(Picker!$A$5:$A$9<>"(none)"))=0),1,IF($L26="",0,COUNTIF(Picker!$A$5:$A$9,$L26))+IF($N26="",0,COUNTIF(Picker!$A$5:$A$9,$N26))+IF($P26="",0,COUNTIF(Picker!$A$5:$A$9,$P26))) | J26: =IF($I26=0,"",COUNTIFS($B$2:$B$346,$B26,$I$2:$I$346,">"&$I26)+COUNTIFS($B$2:$B26,$B26,$I$2:$I26,$I26)) | K26: =IF($J26="","",$B26&"#"&$J26) | L26: Divine Blessing | M26: 2 | N26: Resentment | O26: 1
A27: Golm Helm | B27: Head | C27: Garangolm Set | D27: 197 | E27: 1 | F27: 10 | G27: Critical Ferocity (2) | H27: Golm Helm — Critical Ferocity (2) | I27: =IF(OR(Picker!$B$10="Yes",SUMPRODUCT((Picker!$A$5:$A$9<>"")*(Picker!$A$5:$A$9<>"(none)"))=0),1,IF($L27="",0,COUNTIF(Picker!$A$5:$A$9,$L27))+IF($N27="",0,COUNTIF(Picker!$A$5:$A$9,$N27))+IF($P27="",0,COUNTIF(Picker!$A$5:$A$9,$P27))) | J27: =IF($I27=0,"",COUNTIFS($B$2:$B$346,$B27,$I$2:$I$346,">"&$I27)+COUNTIFS($B$2:$B27,$B27,$I$2:$I27,$I27)) | K27: =IF($J27="","",$B27&"#"&$J27) | L27: Critical Ferocity | M27: 2
A28: Goss Harag Helm | B28: Head | C28: Goss Harag Set | D28: 197 | E28: 1 | F28: 10 | G28: Morph Boost (1), Morph Attack Boost (1) | H28: Goss Harag Helm — Morph Boost (1), Morph Attack Boost (1) | I28: =IF(OR(Picker!$B$10="Yes",SUMPRODUCT((Picker!$A$5:$A$9<>"")*(Picker!$A$5:$A$9<>"(none)"))=0),1,IF($L28="",0,COUNTIF(Picker!$A$5:$A$9,$L28))+IF($N28="",0,COUNTIF(Picker!$A$5:$A$9,$N28))+IF($P28="",0,COUNTIF(Picker!$A$5:$A$9,$P28))) | J28: =IF($I28=0,"",COUNTIFS($B$2:$B$346,$B28,$I$2:$I$346,">"&$I28)+COUNTIFS($B$2:$B28,$B28,$I$2:$I28,$I28)) | K28: =IF($J28="","",$B28&"#"&$J28) | L28: Morph Boost | M28: 1 | N28: Morph Attack Boost | O28: 1
A29: Jagras Helm | B29: Head | C29: Jagras Set | D29: 197 | E29: 2 | F29: 10 | G29: Firm Foothold (2) | H29: Jagras Helm — Firm Foothold (2) | I29: =IF(OR(Picker!$B$10="Yes",SUMPRODUCT((Picker!$A$5:$A$9<>"")*(Picker!$A$5:$A$9<>"(none)"))=0),1,IF($L29="",0,COUNTIF(Picker!$A$5:$A$9,$L29))+IF($N29="",0,COUNTIF(Picker!$A$5:$A$9,$N29))+IF($P29="",0,COUNTIF(Picker!$A$5:$A$9,$P29))) | J29: =IF($I29=0,"",COUNTIFS($B$2:$B$346,$B29,$I$2:$I$346,">"&$I29)+COUNTIFS($B$2:$B29,$B29,$I$2:$I29,$I29)) | K29: =IF($J29="","",$B29&"#"&$J29) | L29: Firm Foothold | M29: 2
A30: Jyura Helm | B30: Head | C30: Jyuratodus Set | D30: 197 | E30: 2 | F30: 10 | G30: Water Resistance (1), Last Stand (1) | H30: Jyura Helm — Water Resistance (1), Last Stand (1) | I30: =IF(OR(Picker!$B$10="Yes",SUMPRODUCT((Picker!$A$5:$A$9<>"")*(Picker!$A$5:$A$9<>"(none)"))=0),1,IF($L30="",0,COUNTIF(Picker!$A$5:$A$9,$L30))+IF($N30="",0,COUNTIF(Picker!$A$5:$A$9,$N30))+IF($P30="",0,COUNTIF(Picker!$A$5:$A$9,$P30))) | J30: =IF($I30=0,"",COUNTIFS($B$2:$B$346,$B30,$I$2:$I$346,">"&$I30)+COUNTIFS($B$2:$B30,$B30,$I$2:$I30,$I30)) | K30: =IF($J30="","",$B30&"#"&$J30) | L30: Water Resistance | M30: 1 | N30: Last Stand | O30: 1
A31: Kadachi Helm | B31: Head | C31: Kadachi Set | D31: 197 | E31: 1 | F31: 10 | G31: Reload Speed (1), Artful Dodger (2) | H31: Kadachi Helm — Reload Speed (1), Artful Dodger (2) | I31: =IF(OR(Picker!$B$10="Yes",SUMPRODUCT((Picker!$A$5:$A$9<>"")*(Picker!$A$5:$A$9<>"(none)"))=0),1,IF($L31="",0,COUNTIF(Picker!$A$5:$A$9,$L31))+IF($N31="",0,COUNTIF(Picker!$A$5:$A$9,$N31))+IF($P31="",0,COUNTIF(Picker!$A$5:$A$9,$P31))) | J31: =IF($I31=0,"",COUNTIFS($B$2:$B$346,$B31,$I$2:$I$346,">"&$I31)+COUNTIFS($B$2:$B31,$B31,$I$2:$I31,$I31)) | K31: =IF($J31="","",$B31&"#"&$J31) | L31: Reload Speed | M31: 1 | N31: Artful Dodger | O31: 2
A32: Kaiser Crown | B32: Head | C32: Kaiser Set | D32: 197 | E32: 1 | F32: 10 | G32: Guts (1), Latent Power (2), Teostra Blastpowder (1) | H32: Kaiser Crown — Guts (1), Latent Power (2), Teostra Blastpowder (1) | I32: =IF(OR(Picker!$B$10="Yes",SUMPRODUCT((Picker!$A$5:$A$9<>"")*(Picker!$A$5:$A$9<>"(none)"))=0),1,IF($L32="",0,COUNTIF(Picker!$A$5:$A$9,$L32))+IF($N32="",0,COUNTIF(Picker!$A$5:$A$9,$N32))+IF($P32="",0,COUNTIF(Picker!$A$5:$A$9,$P32))) | J32: =IF($I32=0,"",COUNTIFS($B$2:$B$346,$B32,$I$2:$I$346,">"&$I32)+COUNTIFS($B$2:$B32,$B32,$I$2:$I32,$I32)) | K32: =IF($J32="","",$B32&"#"&$J32) | L32: Guts | M32: 1 | N32: Latent Power | O32: 2 | P32: Teostra Blastpowder | Q32: 1
A33: Khezu Helm | B33: Head | C33: Khezu Set | D33: 197 | E33: 1 | F33: 10 | G33: Paralysis Attack (1), Special Insurance (1) | H33: Khezu Helm — Paralysis Attack (1), Special Insurance (1) | I33: =IF(OR(Picker!$B$10="Yes",SUMPRODUCT((Picker!$A$5:$A$9<>"")*(Picker!$A$5:$A$9<>"(none)"))=0),1,IF($L33="",0,COUNTIF(Picker!$A$5:$A$9,$L33))+IF($N33="",0,COUNTIF(Picker!$A$5:$A$9,$N33))+IF($P33="",0,COUNTIF(Picker!$A$5:$A$9,$P33))) | J33: =IF($I33=0,"",COUNTIFS($B$2:$B$346,$B33,$I$2:$I$346,">"&$I33)+COUNTIFS($B$2:$B33,$B33,$I$2:$I33,$I33)) | K33: =IF($J33="","",$B33&"#"&$J33) | L33: Paralysis Attack | M33: 1 | N33: Special Insurance | O33: 1
A34: Kirin Horn | B34: Head | C34: Kirin Set | D34: 197 | E34: 1 | F34: 10 | G34: Lock On (1), Fighting Spirit (1), Kirin Flashstorm (1) | H34: Kirin Horn — Lock On (1), Fighting Spirit (1), Kirin Flashstorm (1) | I34: =IF(OR(Picker!$B$10="Yes",SUMPRODUCT((Picker!$A$5:$A$9<>"")*(Picker!$A$5:$A$9<>"(none)"))=0),1,IF($L34="",0,COUNTIF(Picker!$A$5:$A$9,$L34))+IF($N34="",0,COUNTIF(Picker!$A$5:$A$9,$N34))+IF($P34="",0,COUNTIF(Picker!$A$5:$A$9,$P34))) | J34: =IF($I34=0,"",COUNTIFS($B$2:$B$346,$B34,$I$2:$I$346,">"&$I34)+COUNTIFS($B$2:$B34,$B34,$I$2:$I34,$I34)) | K34: =IF($J34="","",$B34&"#"&$J34) | L34: Lock On | M34: 1 | N34: Fighting Spirit | O34: 1 | P34: Kirin Flashstorm | Q34: 1
A35: Kulu Headpiece | B35: Head | C35: Kulu Set | D35: 197 | E35: 1 | F35: 10 | G35: Critical Eye (1), Lock On (1) | H35: Kulu Headpiece — Critical Eye (1), Lock On (1) | I35: =IF(OR(Picker!$B$10="Yes",SUMPRODUCT((Picker!$A$5:$A$9<>"")*(Picker!$A$5:$A$9<>"(none)"))=0),1,IF($L35="",0,COUNTIF(Picker!$A$5:$A$9,$L35))+IF($N35="",0,COUNTIF(Picker!$A$5:$A$9,$N35))+IF($P35="",0,COUNTIF(Picker!$A$5:$A$9,$P35))) | J35: =IF($I35=0,"",COUNTIFS($B$2:$B$346,$B35,$I$2:$I$346,">"&$I35)+COUNTIFS($B$2:$B35,$B35,$I$2:$I35,$I35)) | K35: =IF($J35="","",$B35&"#"&$J35) | L35: Critical Eye | M35: 1 | N35: Lock On | O35: 1
A36: Kushala Glare | B36: Head | C36: Kushala Set | D36: 197 | E36: 1 | F36: 10 | G36: Earplugs (1), Reload Speed (2), Kushala Frostwind (1) | H36: Kushala Glare — Earplugs (1), Reload Speed (2), Kushala Frostwind (1) | I36: =IF(OR(Picker!$B$10="Yes",SUMPRODUCT((Picker!$A$5:$A$9<>"")*(Picker!$A$5:$A$9<>"(none)"))=0),1,IF($L36="",0,COUNTIF(Picker!$A$5:$A$9,$L36))+IF($N36="",0,COUNTIF(Picker!$A$5:$A$9,$N36))+IF($P36="",0,COUNTIF(Picker!$A$5:$A$9,$P36))) | J36: =IF($I36=0,"",COUNTIFS($B$2:$B$346,$B36,$I$2:$I$346,">"&$I36)+COUNTIFS($B$2:$B36,$B36,$I$2:$I36,$I36)) | K36: =IF($J36="","",$B36&"#"&$J36) | L36: Earplugs | M36: 1 | N36: Reload Speed | O36: 2 | P36: Kushala Frostwind | Q36: 1
A37: Lagombi Helm | B37: Head | C37: Lagombi Set | D37: 197 | E37: 1 | F37: 10 | G37: Evade Extender (1), Special Boost (2) | H37: Lagombi Helm — Evade Extender (1), Special Boost (2) | I37: =IF(OR(Picker!$B$10="Yes",SUMPRODUCT((Picker!$A$5:$A$9<>"")*(Picker!$A$5:$A$9<>"(none)"))=0),1,IF($L37="",0,COUNTIF(Picker!$A$5:$A$9,$L37))+IF($N37="",0,COUNTIF(Picker!$A$5:$A$9,$N37))+IF($P37="",0,COUNTIF(Picker!$A$5:$A$9,$P37))) | J37: =IF($I37=0,"",COUNTIFS($B$2:$B$346,$B37,$I$2:$I$346,">"&$I37)+COUNTIFS($B$2:$B37,$B37,$I$2:$I37,$I37)) | K37: =IF($J37="","",$B37&"#"&$J37) | L37: Evade Extender | M37: 1 | N37: Special Boost | O37: 2
A38: Leather Headgear | B38: Head | C38: Leather Set | D38: 197 | E38: 1 | F38: 10 | G38: Ice Resistance (1), Critical Eye (1) | H38: Leather Headgear — Ice Resistance (1), Critical Eye (1) | I38: =IF(OR(Picker!$B$10="Yes",SUMPRODUCT((Picker!$A$5:$A$9<>"")*(Picker!$A$5:$A$9<>"(none)"))=0),1,IF($L38="",0,COUNTIF(Picker!$A$5:$A$9,$L38))+IF($N38="",0,COUNTIF(Picker!$A$5:$A$9,$N38))+IF($P38="",0,COUNTIF(Picker!$A$5:$A$9,$P38))) | J38: =IF($I38=0,"",COUNTIFS($B$2:$B$346,$B38,$I$2:$I$346,">"&$I38)+COUNTIFS($B$2:$B38,$B38,$I$2:$I38,$I38)) | K38: =IF($J38="","",$B38&"#"&$J38) | L38: Ice Resistance | M38: 1 | N38: Critical Eye | O38: 1
A39: Legiana Helm | B39: Head | C39: Legiana Set | D39: 197 | E39: 1 | F39: 10 | G39: Ice Attack (1), Divine Blessing (2) | H39: Legiana Helm — Ice Attack (1), Divine Blessing (2) | I39: =IF(OR(Picker!$B$10="Yes",SUMPRODUCT((Picker!$A$5:$A$9<>"")*(Picker!$A$5:$A$9<>"(none)"))=0),1,IF($L39="",0,COUNTIF(Picker!$A$5:$A$9,$L39))+IF($N39="",0,COUNTIF(Picker!$A$5:$A$9,$N39))+IF($P39="",0,COUNTIF(Picker!$A$5:$A$9,$P39))) | J39: =IF($I39=0,"",COUNTIFS($B$2:$B$346,$B39,$I$2:$I$346,">"&$I39)+COUNTIFS($B$2:$B39,$B39,$I$2:$I39,$I39)) | K39: =IF($J39="","",$B39&"#"&$J39) | L39: Ice Attack | M39: 1 | N39: Divine Blessing | O39: 2
A40: Lumu Hat | B40: Head | C40: Paolumu Set | D40: 197 | E40: 1 | F40: 10 | G40: Concentration (2), Windproof (1) | H40: Lumu Hat — Concentration (2), Windproof (1) | I40: =IF(OR(Picker!$B$10="Yes",SUMPRODUCT((Picker!$A$5:$A$9<>"")*(Picker!$A$5:$A$9<>"(none)"))=0),1,IF($L40="",0,COUNTIF(Picker!$A$5:$A$9,$L40))+IF($N40="",0,COUNTIF(Picker!$A$5:$A$9,$N40))+IF($P40="",0,COUNTIF(Picker!$A$5:$A$9,$P40))) | J40: =IF($I40=0,"",COUNTIFS($B$2:$B$346,$B40,$I$2:$I$346,">"&$I40)+COUNTIFS($B$2:$B40,$B40,$I$2:$I40,$I40)) | K40: =IF($J40="","",$B40&"#"&$J40) | L40: Concentration | M40: 2 | N40: Windproof | O40: 1
A41: Lumu Phantasm Hood | B41: Head | C41: Nightshade Paolumu Set | D41: 197 | E41: 1 | F41: 10 | G41: Rude Awakener (2) | H41: Lumu Phantasm Hood — Rude Awakener (2) | I41: =IF(OR(Picker!$B$10="Yes",SUMPRODUCT((Picker!$A$5:$A$9<>"")*(Picker!$A$5:$A$9<>"(none)"))=0),1,IF($L41="",0,COUNTIF(Picker!$A$5:$A$9,$L41))+IF($N41="",0,COUNTIF(Picker!$A$5:$A$9,$N41))+IF($P41="",0,COUNTIF(Picker!$A$5:$A$9,$P41))) | J41: =IF($I41=0,"",COUNTIFS($B$2:$B$346,$B41,$I$2:$I$346,">"&$I41)+COUNTIFS($B$2:$B41,$B41,$I$2:$I41,$I41)) | K41: =IF($J41="","",$B41&"#"&$J41) | L41: Rude Awakener | M41: 2
A42: Lunagaron Helm | B42: Head | C42: Lunagaron Set | D42: 197 | E42: 1 | F42: 10 | G42: Recoil Down (2), Ballistics (1) | H42: Lunagaron Helm — Recoil Down (2), Ballistics (1) | I42: =IF(OR(Picker!$B$10="Yes",SUMPRODUCT((Picker!$A$5:$A$9<>"")*(Picker!$A$5:$A$9<>"(none)"))=0),1,IF($L42="",0,COUNTIF(Picker!$A$5:$A$9,$L42))+IF($N42="",0,COUNTIF(Picker!$A$5:$A$9,$N42))+IF($P42="",0,COUNTIF(Picker!$A$5:$A$9,$P42))) | J42: =IF($I42=0,"",COUNTIFS($B$2:$B$346,$B42,$I$2:$I$346,">"&$I42)+COUNTIFS($B$2:$B42,$B42,$I$2:$I42,$I42)) | K42: =IF($J42="","",$B42&"#"&$J42) | L42: Recoil Down | M42: 2 | N42: Ballistics | O42: 1
A43: Malzeno Helm | B43: Head | C43: Malzeno Set | D43: 197 | E43: 1 | F43: 10 | G43: Vital Dragon (2), Malzeno Crimsonblood (1) | H43: Malzeno Helm — Vital Dragon (2), Malzeno Crimsonblood (1) | I43: =IF(OR(Picker!$B$10="Yes",SUMPRODUCT((Picker!$A$5:$A$9<>"")*(Picker!$A$5:$A$9<>"(none)"))=0),1,IF($L43="",0,COUNTIF(Picker!$A$5:$A$9,$L43))+IF($N43="",0,COUNTIF(Picker!$A$5:$A$9,$N43))+IF($P43="",0,COUNTIF(Picker!$A$5:$A$9,$P43))) | J43: =IF($I43=0,"",COUNTIFS($B$2:$B$346,$B43,$I$2:$I$346,">"&$I43)+COUNTIFS($B$2:$B43,$B43,$I$2:$I43,$I43)) | K43: =IF($J43="","",$B43&"#"&$J43) | L43: Vital Dragon | M43: 2 | N43: Malzeno Crimsonblood | O43: 1
A44: Mizuha Cap | B44: Head | C44: Mizuha Set | D44: 197 | E44: 1 | F44: 10 | G44: Status Sneak Attack (1), Poison Exploit (1), Chameleos Venomist (1) | H44: Mizuha Cap — Status Sneak Attack (1), Poison Exploit (1), Chameleos Venomist (1) | I44: =IF(OR(Picker!$B$10="Yes",SUMPRODUCT((Picker!$A$5:$A$9<>"")*(Picker!$A$5:$A$9<>"(none)"))=0),1,IF($L44="",0,COUNTIF(Picker!$A$5:$A$9,$L44))+IF($N44="",0,COUNTIF(Picker!$A$5:$A$9,$N44))+IF($P44="",0,COUNTIF(Picker!$A$5:$A$9,$P44))) | J44: =IF($I44=0,"",COUNTIFS($B$2:$B$346,$B44,$I$2:$I$346,">"&$I44)+COUNTIFS($B$2:$B44,$B44,$I$2:$I44,$I44)) | K44: =IF($J44="","",$B44&"#"&$J44) | L44: Status Sneak Attack | M44: 1 | N44: Poison Exploit | O44: 1 | P44: Chameleos Venomist | Q44: 1
A45: Mizutsune Helm | B45: Head | C45: Mizutsune Set | D45: 197 | E45: 1 | F45: 10 | G45: Water Attack (2) | H45: Mizutsune Helm — Water Attack (2) | I45: =IF(OR(Picker!$B$10="Yes",SUMPRODUCT((Picker!$A$5:$A$9<>"")*(Picker!$A$5:$A$9<>"(none)"))=0),1,IF($L45="",0,COUNTIF(Picker!$A$5:$A$9,$L45))+IF($N45="",0,COUNTIF(Picker!$A$5:$A$9,$N45))+IF($P45="",0,COUNTIF(Picker!$A$5:$A$9,$P45))) | J45: =IF($I45=0,"",COUNTIFS($B$2:$B$346,$B45,$I$2:$I$346,">"&$I45)+COUNTIFS($B$2:$B45,$B45,$I$2:$I45,$I45)) | K45: =IF($J45="","",$B45&"#"&$J45) | L45: Water Attack | M45: 2
A46: Nargacuga Helm | B46: Head | C46: Nargacuga Set | D46: 197 | E46: 1 | F46: 10 | G46: Focus (1), Fighting Spirit (1) | H46: Nargacuga Helm — Focus (1), Fighting Spirit (1) | I46: =IF(OR(Picker!$B$10="Yes",SUMPRODUCT((Picker!$A$5:$A$9<>"")*(Picker!$A$5:$A$9<>"(none)"))=0),1,IF($L46="",0,COUNTIF(Picker!$A$5:$A$9,$L46))+IF($N46="",0,COUNTIF(Picker!$A$5:$A$9,$N46))+IF($P46="",0,COUNTIF(Picker!$A$5:$A$9,$P46))) | J46: =IF($I46=0,"",COUNTIFS($B$2:$B$346,$B46,$I$2:$I$346,">"&$I46)+COUNTIFS($B$2:$B46,$B46,$I$2:$I46,$I46)) | K46: =IF($J46="","",$B46&"#"&$J46) | L46: Focus | M46: 1 | N46: Fighting Spirit | O46: 1
A47: Nergigante Helm | B47: Head | C47: Nergigante Set | D47: 197 | E47: 1 | F47: 10 | G47: Critical Eye (2), Artful Dodger (1), Nergigante Avidity (1) | H47: Nergigante Helm — Critical Eye (2), Artful Dodger (1), Nergigante Avidity (1) | I47: =IF(OR(Picker!$B$10="Yes",SUMPRODUCT((Picker!$A$5:$A$9<>"")*(Picker!$A$5:$A$9<>"(none)"))=0),1,IF($L47="",0,COUNTIF(Picker!$A$5:$A$9,$L47))+IF($N47="",0,COUNTIF(Picker!$A$5:$A$9,$N47))+IF($P47="",0,COUNTIF(Picker!$A$5:$A$9,$P47))) | J47: =IF($I47=0,"",COUNTIFS($B$2:$B$346,$B47,$I$2:$I$346,">"&$I47)+COUNTIFS($B$2:$B47,$B47,$I$2:$I47,$I47)) | K47: =IF($J47="","",$B47&"#"&$J47) | L47: Critical Eye | M47: 2 | N47: Artful Dodger | O47: 1 | P47: Nergigante Avidity | Q47: 1
A48: Odogaron Helm | B48: Head | C48: Odogaron Set | D48: 197 | E48: 1 | F48: 10 | G48: Quick Work (2) | H48: Odogaron Helm — Quick Work (2) | I48: =IF(OR(Picker!$B$10="Yes",SUMPRODUCT((Picker!$A$5:$A$9<>"")*(Picker!$A$5:$A$9<>"(none)"))=0),1,IF($L48="",0,COUNTIF(Picker!$A$5:$A$9,$L48))+IF($N48="",0,COUNTIF(Picker!$A$5:$A$9,$N48))+IF($P48="",0,COUNTIF(Picker!$A$5:$A$9,$P48))) | J48: =IF($I48=0,"",COUNTIFS($B$2:$B$346,$B48,$I$2:$I$346,">"&$I48)+COUNTIFS($B$2:$B48,$B48,$I$2:$I48,$I48)) | K48: =IF($J48="","",$B48&"#"&$J48) | L48: Quick Work | M48: 2
A49: Pukei Hood | B49: Head | C49: Pukei Set | D49: 197 | E49: 1 | F49: 10 | G49: Health Boost (2), Focus (1) | H49: Pukei Hood — Health Boost (2), Focus (1) | I49: =IF(OR(Picker!$B$10="Yes",SUMPRODUCT((Picker!$A$5:$A$9<>"")*(Picker!$A$5:$A$9<>"(none)"))=0),1,IF($L49="",0,COUNTIF(Picker!$A$5:$A$9,$L49))+IF($N49="",0,COUNTIF(Picker!$A$5:$A$9,$N49))+IF($P49="",0,COUNTIF(Picker!$A$5:$A$9,$P49))) | J49: =IF($I49=0,"",COUNTIFS($B$2:$B$346,$B49,$I$2:$I$346,">"&$I49)+COUNTIFS($B$2:$B49,$B49,$I$2:$I49,$I49)) | K49: =IF($J49="","",$B49&"#"&$J49) | L49: Health Boost | M49: 2 | N49: Focus | O49: 1
A50: Pukei Lagoon Hat | B50: Head | C50: Coral Pukei Set | D50: 197 | E50: 1 | F50: 10 | G50: Weakness Exploit (2), Lock On (1) | H50: Pukei Lagoon Hat — Weakness Exploit (2), Lock On (1) | I50: =IF(OR(Picker!$B$10="Yes",SUMPRODUCT((Picker!$A$5:$A$9<>"")*(Picker!$A$5:$A$9<>"(none)"))=0),1,IF($L50="",0,COUNTIF(Picker!$A$5:$A$9,$L50))+IF($N50="",0,COUNTIF(Picker!$A$5:$A$9,$N50))+IF($P50="",0,COUNTIF(Picker!$A$5:$A$9,$P50))) | J50: =IF($I50=0,"",COUNTIFS($B$2:$B$346,$B50,$I$2:$I$346,">"&$I50)+COUNTIFS($B$2:$B50,$B50,$I$2:$I50,$I50)) | K50: =IF($J50="","",$B50&"#"&$J50) | L50: Weakness Exploit | M50: 2 | N50: Lock On | O50: 1
A51: Quematrice Helm | B51: Head | C51: Quematrice Set | D51: 197 | E51: 1 | F51: 10 | G51: Lock On (1), Artillery (2) | H51: Quematrice Helm — Lock On (1), Artillery (2) | I51: =IF(OR(Picker!$B$10="Yes",SUMPRODUCT((Picker!$A$5:$A$9<>"")*(Picker!$A$5:$A$9<>"(none)"))=0),1,IF($L51="",0,COUNTIF(Picker!$A$5:$A$9,$L51))+IF($N51="",0,COUNTIF(Picker!$A$5:$A$9,$N51))+IF($P51="",0,COUNTIF(Picker!$A$5:$A$9,$P51))) | J51: =IF($I51=0,"",COUNTIFS($B$2:$B$346,$B51,$I$2:$I$346,">"&$I51)+COUNTIFS($B$2:$B51,$B51,$I$2:$I51,$I51)) | K51: =IF($J51="","",$B51&"#"&$J51) | L51: Lock On | M51: 1 | N51: Artillery | O51: 2
A52: Rath Heart Helm | B52: Head | C52: Pink Rathian Set | D52: 197 | E52: 1 | F52: 10 | G52: Special Boost (1), Windproof (1) | H52: Rath Heart Helm — Special Boost (1), Windproof (1) | I52: =IF(OR(Picker!$B$10="Yes",SUMPRODUCT((Picker!$A$5:$A$9<>"")*(Picker!$A$5:$A$9<>"(none)"))=0),1,IF($L52="",0,COUNTIF(Picker!$A$5:$A$9,$L52))+IF($N52="",0,COUNTIF(Picker!$A$5:$A$9,$N52))+IF($P52="",0,COUNTIF(Picker!$A$5:$A$9,$P52))) | J52: =IF($I52=0,"",COUNTIFS($B$2:$B$346,$B52,$I$2:$I$346,">"&$I52)+COUNTIFS($B$2:$B52,$B52,$I$2:$I52,$I52)) | K52: =IF($J52="","",$B52&"#"&$J52) | L52: Special Boost | M52: 1 | N52: Windproof | O52: 1
A53: Rath Soul Helm | B53: Head | C53: Azure Rathalos Set | D53: 197 | E53: 1 | F53: 10 | G53: Focus (2) | H53: Rath Soul Helm — Focus (2) | I53: =IF(OR(Picker!$B$10="Yes",SUMPRODUCT((Picker!$A$5:$A$9<>"")*(Picker!$A$5:$A$9<>"(none)"))=0),1,IF($L53="",0,COUNTIF(Picker!$A$5:$A$9,$L53))+IF($N53="",0,COUNTIF(Picker!$A$5:$A$9,$N53))+IF($P53="",0,COUNTIF(Picker!$A$5:$A$9,$P53))) | J53: =IF($I53=0,"",COUNTIFS($B$2:$B$346,$B53,$I$2:$I$346,">"&$I53)+COUNTIFS($B$2:$B53,$B53,$I$2:$I53,$I53)) | K53: =IF($J53="","",$B53&"#"&$J53) | L53: Focus | M53: 2
A54: Rathalos Helm | B54: Head | C54: Rathalos Set | D54: 197 | E54: 1 | F54: 10 | G54: Attack Boost (2), Fire Attack (1) | H54: Rathalos Helm — Attack Boost (2), Fire Attack (1) | I54: =IF(OR(Picker!$B$10="Yes",SUMPRODUCT((Picker!$A$5:$A$9<>"")*(Picker!$A$5:$A$9<>"(none)"))=0),1,IF($L54="",0,COUNTIF(Picker!$A$5:$A$9,$L54))+IF($N54="",0,COUNTIF(Picker!$A$5:$A$9,$N54))+IF($P54="",0,COUNTIF(Picker!$A$5:$A$9,$P54))) | J54: =IF($I54=0,"",COUNTIFS($B$2:$B$346,$B54,$I$2:$I$346,">"&$I54)+COUNTIFS($B$2:$B54,$B54,$I$2:$I54,$I54)) | K54: =IF($J54="","",$B54&"#"&$J54) | L54: Attack Boost | M54: 2 | N54: Fire Attack | O54: 1
A55: Rathian Helm | B55: Head | C55: Rathian Set | D55: 197 | E55: 1 | F55: 10 | G55: Health Boost (2), Poison Attack (1) | H55: Rathian Helm — Health Boost (2), Poison Attack (1) | I55: =IF(OR(Picker!$B$10="Yes",SUMPRODUCT((Picker!$A$5:$A$9<>"")*(Picker!$A$5:$A$9<>"(none)"))=0),1,IF($L55="",0,COUNTIF(Picker!$A$5:$A$9,$L55))+IF($N55="",0,COUNTIF(Picker!$A$5:$A$9,$N55))+IF($P55="",0,COUNTIF(Picker!$A$5:$A$9,$P55))) | J55: =IF($I55=0,"",COUNTIFS($B$2:$B$346,$B55,$I$2:$I$346,">"&$I55)+COUNTIFS($B$2:$B55,$B55,$I$2:$I55,$I55)) | K55: =IF($J55="","",$B55&"#"&$J55) | L55: Health Boost | M55: 2 | N55: Poison Attack | O55: 1
A56: Regios Helm | B56: Head | C56: Regios Set | D56: 197 | E56: 1 | F56: 10 | G56: Attack Efficacy (1), Critical Strength (1) | H56: Regios Helm — Attack Efficacy (1), Critical Strength (1) | I56: =IF(OR(Picker!$B$10="Yes",SUMPRODUCT((Picker!$A$5:$A$9<>"")*(Picker!$A$5:$A$9<>"(none)"))=0),1,IF($L56="",0,COUNTIF(Picker!$A$5:$A$9,$L56))+IF($N56="",0,COUNTIF(Picker!$A$5:$A$9,$N56))+IF($P56="",0,COUNTIF(Picker!$A$5:$A$9,$P56))) | J56: =IF($I56=0,"",COUNTIFS($B$2:$B$346,$B56,$I$2:$I$346,">"&$I56)+COUNTIFS($B$2:$B56,$B56,$I$2:$I56,$I56)) | K56: =IF($J56="","",$B56&"#"&$J56) | L56: Attack Efficacy | M56: 1 | N56: Critical Strength | O56: 1
A57: Rex Roar Helm | B57: Head | C57: Rex Roar Set | D57: 197 | E57: 1 | F57: 10 | G57: Reckless (2), Advanced Attack Boost (1) | H57: Rex Roar Helm — Reckless (2), Advanced Attack Boost (1) | I57: =IF(OR(Picker!$B$10="Yes",SUMPRODUCT((Picker!$A$5:$A$9<>"")*(Picker!$A$5:$A$9<>"(none)"))=0),1,IF($L57="",0,COUNTIF(Picker!$A$5:$A$9,$L57))+IF($N57="",0,COUNTIF(Picker!$A$5:$A$9,$N57))+IF($P57="",0,COUNTIF(Picker!$A$5:$A$9,$P57))) | J57: =IF($I57=0,"",COUNTIFS($B$2:$B$346,$B57,$I$2:$I$346,">"&$I57)+COUNTIFS($B$2:$B57,$B57,$I$2:$I57,$I57)) | K57: =IF($J57="","",$B57&"#"&$J57) | L57: Reckless | M57: 2 | N57: Advanced Attack Boost | O57: 1
A58: Rimeguard Helm | B58: Head | C58: Rimeguard Set | D58: 197 | E58: 1 | F58: 10 | G58: Ice Attack (2), Velkhana Aegis (1) | H58: Rimeguard Helm — Ice Attack (2), Velkhana Aegis (1) | I58: =IF(OR(Picker!$B$10="Yes",SUMPRODUCT((Picker!$A$5:$A$9<>"")*(Picker!$A$5:$A$9<>"(none)"))=0),1,IF($L58="",0,COUNTIF(Picker!$A$5:$A$9,$L58))+IF($N58="",0,COUNTIF(Picker!$A$5:$A$9,$N58))+IF($P58="",0,COUNTIF(Picker!$A$5:$A$9,$P58))) | J58: =IF($I58=0,"",COUNTIFS($B$2:$B$346,$B58,$I$2:$I$346,">"&$I58)+COUNTIFS($B$2:$B58,$B58,$I$2:$I58,$I58)) | K58: =IF($J58="","",$B58&"#"&$J58) | L58: Ice Attack | M58: 2 | N58: Velkhana Aegis | O58: 1
A59: Silver Solhelm | B59: Head | C59: Silver Sol Set | D59: 197 | E59: 1 | F59: 10 | G59: Critical Element (2) | H59: Silver Solhelm — Critical Element (2) | I59: =IF(OR(Picker!$B$10="Yes",SUMPRODUCT((Picker!$A$5:$A$9<>"")*(Picker!$A$5:$A$9<>"(none)"))=0),1,IF($L59="",0,COUNTIF(Picker!$A$5:$A$9,$L59))+IF($N59="",0,COUNTIF(Picker!$A$5:$A$9,$N59))+IF($P59="",0,COUNTIF(Picker!$A$5:$A$9,$P59))) | J59: =IF($I59=0,"",COUNTIFS($B$2:$B$346,$B59,$I$2:$I$346,">"&$I59)+COUNTIFS($B$2:$B59,$B59,$I$2:$I59,$I59)) | K59: =IF($J59="","",$B59&"#"&$J59) | L59: Critical Element | M59: 2
A60: Sinister Helm | B60: Head | C60: Sinister Set | D60: 197 | E60: 1 | F60: 10 | G60: Hellfire Cloak (2) | H60: Sinister Helm — Hellfire Cloak (2) | I60: =IF(OR(Picker!$B$10="Yes",SUMPRODUCT((Picker!$A$5:$A$9<>"")*(Picker!$A$5:$A$9<>"(none)"))=0),1,IF($L60="",0,COUNTIF(Picker!$A$5:$A$9,$L60))+IF($N60="",0,COUNTIF(Picker!$A$5:$A$9,$N60))+IF($P60="",0,COUNTIF(Picker!$A$5:$A$9,$P60))) | J60: =IF($I60=0,"",COUNTIFS($B$2:$B$346,$B60,$I$2:$I$346,">"&$I60)+COUNTIFS($B$2:$B60,$B60,$I$2:$I60,$I60)) | K60: =IF($J60="","",$B60&"#"&$J60) | L60: Hellfire Cloak | M60: 2
A61: Somnacanth Helm | B61: Head | C61: Somnacanth Set | D61: 197 | E61: 1 | F61: 10 | G61: Evade Extender (1), Evading Reload (1) | H61: Somnacanth Helm — Evade Extender (1), Evading Reload (1) | I61: =IF(OR(Picker!$B$10="Yes",SUMPRODUCT((Picker!$A$5:$A$9<>"")*(Picker!$A$5:$A$9<>"(none)"))=0),1,IF($L61="",0,COUNTIF(Picker!$A$5:$A$9,$L61))+IF($N61="",0,COUNTIF(Picker!$A$5:$A$9,$N61))+IF($P61="",0,COUNTIF(Picker!$A$5:$A$9,$P61))) | J61: =IF($I61=0,"",COUNTIFS($B$2:$B$346,$B61,$I$2:$I$346,">"&$I61)+COUNTIFS($B$2:$B61,$B61,$I$2:$I61,$I61)) | K61: =IF($J61="","",$B61&"#"&$J61) | L61: Evade Extender | M61: 1 | N61: Evading Reload | O61: 1
A62: Stygian Helm | B62: Head | C62: Stygian Set | D62: 197 | E62: 1 | F62: 10 | G62: Dragon Attack (2), Advanced Dragon Attack (1) | H62: Stygian Helm — Dragon Attack (2), Advanced Dragon Attack (1) | I62: =IF(OR(Picker!$B$10="Yes",SUMPRODUCT((Picker!$A$5:$A$9<>"")*(Picker!$A$5:$A$9<>"(none)"))=0),1,IF($L62="",0,COUNTIF(Picker!$A$5:$A$9,$L62))+IF($N62="",0,COUNTIF(Picker!$A$5:$A$9,$N62))+IF($P62="",0,COUNTIF(Picker!$A$5:$A$9,$P62))) | J62: =IF($I62=0,"",COUNTIFS($B$2:$B$346,$B62,$I$2:$I$346,">"&$I62)+COUNTIFS($B$2:$B62,$B62,$I$2:$I62,$I62)) | K62: =IF($J62="","",$B62&"#"&$J62) | L62: Dragon Attack | M62: 2 | N62: Advanced Dragon Attack | O62: 1
A63: Tentacle Cowl | B63: Head | C63: Tentacle Set | D63: 197 | E63: 1 | F63: 10 | G63: Recoil Down (1), Reload Speed (1), Namielle Electrowave (1) | H63: Tentacle Cowl — Recoil Down (1), Reload Speed (1), Namielle Electrowave (1) | I63: =IF(OR(Picker!$B$10="Yes",SUMPRODUCT((Picker!$A$5:$A$9<>"")*(Picker!$A$5:$A$9<>"(none)"))=0),1,IF($L63="",0,COUNTIF(Picker!$A$5:$A$9,$L63))+IF($N63="",0,COUNTIF(Picker!$A$5:$A$9,$N63))+IF($P63="",0,COUNTIF(Picker!$A$5:$A$9,$P63))) | J63: =IF($I63=0,"",COUNTIFS($B$2:$B$346,$B63,$I$2:$I$346,">"&$I63)+COUNTIFS($B$2:$B63,$B63,$I$2:$I63,$I63)) | K63: =IF($J63="","",$B63&"#"&$J63) | L63: Recoil Down | M63: 1 | N63: Reload Speed | O63: 1 | P63: Namielle Electrowave | Q63: 1
A64: Tigrex Helm | B64: Head | C64: Tigrex Set | D64: 197 | E64: 1 | F64: 10 | G64: Concentration (1), Critical Ferocity (1) | H64: Tigrex Helm — Concentration (1), Critical Ferocity (1) | I64: =IF(OR(Picker!$B$10="Yes",SUMPRODUCT((Picker!$A$5:$A$9<>"")*(Picker!$A$5:$A$9<>"(none)"))=0),1,IF($L64="",0,COUNTIF(Picker!$A$5:$A$9,$L64))+IF($N64="",0,COUNTIF(Picker!$A$5:$A$9,$N64))+IF($P64="",0,COUNTIF(Picker!$A$5:$A$9,$P64))) | J64: =IF($I64=0,"",COUNTIFS($B$2:$B$346,$B64,$I$2:$I$346,">"&$I64)+COUNTIFS($B$2:$B64,$B64,$I$2:$I64,$I64)) | K64: =IF($J64="","",$B64&"#"&$J64) | L64: Concentration | M64: 1 | N64: Critical Ferocity | O64: 1
A65: Tzitzi Headgear | B65: Head | C65: Tzitzi Set | D65: 197 | E65: 1 | F65: 10 | G65: Thunder Attack (2), Evade Extender (1) | H65: Tzitzi Headgear — Thunder Attack (2), Evade Extender (1) | I65: =IF(OR(Picker!$B$10="Yes",SUMPRODUCT((Picker!$A$5:$A$9<>"")*(Picker!$A$5:$A$9<>"(none)"))=0),1,IF($L65="",0,COUNTIF(Picker!$A$5:$A$9,$L65))+IF($N65="",0,COUNTIF(Picker!$A$5:$A$9,$N65))+IF($P65="",0,COUNTIF(Picker!$A$5:$A$9,$P65))) | J65: =IF($I65=0,"",COUNTIFS($B$2:$B$346,$B65,$I$2:$I$346,">"&$I65)+COUNTIFS($B$2:$B65,$B65,$I$2:$I65,$I65)) | K65: =IF($J65="","",$B65&"#"&$J65) | L65: Thunder Attack | M65: 2 | N65: Evade Extender | O65: 1
A66: Vangis Helm | B66: Head | C66: Deviljho Set | D66: 197 | E66: 1 | F66: 10 | G66: Slugger (2), Dragon Attack (1) | H66: Vangis Helm — Slugger (2), Dragon Attack (1) | I66: =IF(OR(Picker!$B$10="Yes",SUMPRODUCT((Picker!$A$5:$A$9<>"")*(Picker!$A$5:$A$9<>"(none)"))=0),1,IF($L66="",0,COUNTIF(Picker!$A$5:$A$9,$L66))+IF($N66="",0,COUNTIF(Picker!$A$5:$A$9,$N66))+IF($P66="",0,COUNTIF(Picker!$A$5:$A$9,$P66))) | J66: =IF($I66=0,"",COUNTIFS($B$2:$B$346,$B66,$I$2:$I$346,">"&$I66)+COUNTIFS($B$2:$B66,$B66,$I$2:$I66,$I66)) | K66: =IF($J66="","",$B66&"#"&$J66) | L66: Slugger | M66: 2 | N66: Dragon Attack | O66: 1
A67: Viper Kadachi Helm | B67: Head | C67: Viper Kadachi Set | D67: 197 | E67: 1 | F67: 10 | G67: Artful Dodger (1), Advanced Burst (1), Combo Master (1) | H67: Viper Kadachi Helm — Artful Dodger (1), Advanced Burst (1), Combo Master (1) | I67: =IF(OR(Picker!$B$10="Yes",SUMPRODUCT((Picker!$A$5:$A$9<>"")*(Picker!$A$5:$A$9<>"(none)"))=0),1,IF($L67="",0,COUNTIF(Picker!$A$5:$A$9,$L67))+IF($N67="",0,COUNTIF(Picker!$A$5:$A$9,$N67))+IF($P67="",0,COUNTIF(Picker!$A$5:$A$9,$P67))) | J67: =IF($I67=0,"",COUNTIFS($B$2:$B$346,$B67,$I$2:$I$346,">"&$I67)+COUNTIFS($B$2:$B67,$B67,$I$2:$I67,$I67)) | K67: =IF($J67="","",$B67&"#"&$J67) | L67: Artful Dodger | M67: 1 | N67: Advanced Burst | O67: 1 | P67: Combo Master | Q67: 1
A68: Volvidon Helm | B68: Head | C68: Volvidon Set | D68: 197 | E68: 1 | F68: 10 | G68: Power Prolonger (1), Morph Boost (1) | H68: Volvidon Helm — Power Prolonger (1), Morph Boost (1) | I68: =IF(OR(Picker!$B$10="Yes",SUMPRODUCT((Picker!$A$5:$A$9<>"")*(Picker!$A$5:$A$9<>"(none)"))=0),1,IF($L68="",0,COUNTIF(Picker!$A$5:$A$9,$L68))+IF($N68="",0,COUNTIF(Picker!$A$5:$A$9,$N68))+IF($P68="",0,COUNTIF(Picker!$A$5:$A$9,$P68))) | J68: =IF($I68=0,"",COUNTIFS($B$2:$B$346,$B68,$I$2:$I$346,">"&$I68)+COUNTIFS($B$2:$B68,$B68,$I$2:$I68,$I68)) | K68: =IF($J68="","",$B68&"#"&$J68) | L68: Power Prolonger | M68: 1 | N68: Morph Boost | O68: 1
A69: Wroggi Helm | B69: Head | C69: Wroggi Set | D69: 197 | E69: 2 | F69: 10 | G69: Power Prolonger (2) | H69: Wroggi Helm — Power Prolonger (2) | I69: =IF(OR(Picker!$B$10="Yes",SUMPRODUCT((Picker!$A$5:$A$9<>"")*(Picker!$A$5:$A$9<>"(none)"))=0),1,IF($L69="",0,COUNTIF(Picker!$A$5:$A$9,$L69))+IF($N69="",0,COUNTIF(Picker!$A$5:$A$9,$N69))+IF($P69="",0,COUNTIF(Picker!$A$5:$A$9,$P69))) | J69: =IF($I69=0,"",COUNTIFS($B$2:$B$346,$B69,$I$2:$I$346,">"&$I69)+COUNTIFS($B$2:$B69,$B69,$I$2:$I69,$I69)) | K69: =IF($J69="","",$B69&"#"&$J69) | L69: Power Prolonger | M69: 2
A70: Zinogre Helm | B70: Head | C70: Zinogre Set | D70: 197 | E70: 1 | F70: 10 | G70: Burst (1), Evasive Concentration (1) | H70: Zinogre Helm — Burst (1), Evasive Concentration (1) | I70: =IF(OR(Picker!$B$10="Yes",SUMPRODUCT((Picker!$A$5:$A$9<>"")*(Picker!$A$5:$A$9<>"(none)"))=0),1,IF($L70="",0,COUNTIF(Picker!$A$5:$A$9,$L70))+IF($N70="",0,COUNTIF(Picker!$A$5:$A$9,$N70))+IF($P70="",0,COUNTIF(Picker!$A$5:$A$9,$P70))) | J70: =IF($I70=0,"",COUNTIFS($B$2:$B$346,$B70,$I$2:$I$346,">"&$I70)+COUNTIFS($B$2:$B70,$B70,$I$2:$I70,$I70)) | K70: =IF($J70="","",$B70&"#"&$J70) | L70: Burst | M70: 1 | N70: Evasive Concentration | O70: 1
A71: Aknosom Mail | B71: Chest | C71: Aknosom Set | D71: 197 | E71: 1 | F71: 10 | G71: Guard (1), Defensive Loading (1) | H71: Aknosom Mail — Guard (1), Defensive Loading (1) | I71: =IF(OR(Picker!$B$10="Yes",SUMPRODUCT((Picker!$A$5:$A$9<>"")*(Picker!$A$5:$A$9<>"(none)"))=0),1,IF($L71="",0,COUNTIF(Picker!$A$5:$A$9,$L71))+IF($N71="",0,COUNTIF(Picker!$A$5:$A$9,$N71))+IF($P71="",0,COUNTIF(Picker!$A$5:$A$9,$P71))) | J71: =IF($I71=0,"",COUNTIFS($B$2:$B$346,$B71,$I$2:$I$346,">"&$I71)+COUNTIFS($B$2:$B71,$B71,$I$2:$I71,$I71)) | K71: =IF($J71="","",$B71&"#"&$J71) | L71: Guard | M71: 1 | N71: Defensive Loading | O71: 1
A72: Alloy Mail | B72: Chest | C72: Alloy Set | D72: 197 | E72: 1 | F72: 10 | G72: Tremor Resistance (2) | H72: Alloy Mail — Tremor Resistance (2) | I72: =IF(OR(Picker!$B$10="Yes",SUMPRODUCT((Picker!$A$5:$A$9<>"")*(Picker!$A$5:$A$9<>"(none)"))=0),1,IF($L72="",0,COUNTIF(Picker!$A$5:$A$9,$L72))+IF($N72="",0,COUNTIF(Picker!$A$5:$A$9,$N72))+IF($P72="",0,COUNTIF(Picker!$A$5:$A$9,$P72))) | J72: =IF($I72=0,"",COUNTIFS($B$2:$B$346,$B72,$I$2:$I$346,">"&$I72)+COUNTIFS($B$2:$B72,$B72,$I$2:$I72,$I72)) | K72: =IF($J72="","",$B72&"#"&$J72) | L72: Tremor Resistance | M72: 2
A73: Almudron Mail | B73: Chest | C73: Almudron Set | D73: 197 | E73: 1 | F73: 10 | G73: Water Attack (2), Advanced Water Attack (1) | H73: Almudron Mail — Water Attack (2), Advanced Water Attack (1) | I73: =IF(OR(Picker!$B$10="Yes",SUMPRODUCT((Picker!$A$5:$A$9<>"")*(Picker!$A$5:$A$9<>"(none)"))=0),1,IF($L73="",0,COUNTIF(Picker!$A$5:$A$9,$L73))+IF($N73="",0,COUNTIF(Picker!$A$5:$A$9,$N73))+IF($P73="",0,COUNTIF(Picker!$A$5:$A$9,$P73))) | J73: =IF($I73=0,"",COUNTIFS($B$2:$B$346,$B73,$I$2:$I$346,">"&$I73)+COUNTIFS($B$2:$B73,$B73,$I$2:$I73,$I73)) | K73: =IF($J73="","",$B73&"#"&$J73) | L73: Water Attack | M73: 2 | N73: Advanced Water Attack | O73: 1
A74: Anja Mail | B74: Chest | C74: Anjanath Set | D74: 197 | E74: 1 | F74: 10 | G74: Special Boost (2) | H74: Anja Mail — Special Boost (2) | I74: =IF(OR(Picker!$B$10="Yes",SUMPRODUCT((Picker!$A$5:$A$9<>"")*(Picker!$A$5:$A$9<>"(none)"))=0),1,IF($L74="",0,COUNTIF(Picker!$A$5:$A$9,$L74))+IF($N74="",0,COUNTIF(Picker!$A$5:$A$9,$N74))+IF($P74="",0,COUNTIF(Picker!$A$5:$A$9,$P74))) | J74: =IF($I74=0,"",COUNTIFS($B$2:$B$346,$B74,$I$2:$I$346,">"&$I74)+COUNTIFS($B$2:$B74,$B74,$I$2:$I74,$I74)) | K74: =IF($J74="","",$B74&"#"&$J74) | L74: Special Boost | M74: 2
A75: Arzuros Mail | B75: Chest | C75: Arzuros Set | D75: 197 | E75: 1 | F75: 10 | G75: Shared Sword (3) | H75: Arzuros Mail — Shared Sword (3) | I75: =IF(OR(Picker!$B$10="Yes",SUMPRODUCT((Picker!$A$5:$A$9<>"")*(Picker!$A$5:$A$9<>"(none)"))=0),1,IF($L75="",0,COUNTIF(Picker!$A$5:$A$9,$L75))+IF($N75="",0,COUNTIF(Picker!$A$5:$A$9,$N75))+IF($P75="",0,COUNTIF(Picker!$A$5:$A$9,$P75))) | J75: =IF($I75=0,"",COUNTIFS($B$2:$B$346,$B75,$I$2:$I$346,">"&$I75)+COUNTIFS($B$2:$B75,$B75,$I$2:$I75,$I75)) | K75: =IF($J75="","",$B75&"#"&$J75) | L75: Shared Sword | M75: 3
A76: Astalos Mail | B76: Chest | C76: Astalos Set | D76: 197 | E76: 1 | F76: 10 | G76: Perfectionist (2), Advanced Thunder Attack (1) | H76: Astalos Mail — Perfectionist (2), Advanced Thunder Attack (1) | I76: =IF(OR(Picker!$B$10="Yes",SUMPRODUCT((Picker!$A$5:$A$9<>"")*(Picker!$A$5:$A$9<>"(none)"))=0),1,IF($L76="",0,COUNTIF(Picker!$A$5:$A$9,$L76))+IF($N76="",0,COUNTIF(Picker!$A$5:$A$9,$N76))+IF($P76="",0,COUNTIF(Picker!$A$5:$A$9,$P76))) | J76: =IF($I76=0,"",COUNTIFS($B$2:$B$346,$B76,$I$2:$I$346,">"&$I76)+COUNTIFS($B$2:$B76,$B76,$I$2:$I76,$I76)) | K76: =IF($J76="","",$B76&"#"&$J76) | L76: Perfectionist | M76: 2 | N76: Advanced Thunder Attack | O76: 1
A77: Baan Mail | B77: Chest | C77: Radobaan Set | D77: 197 | E77: 1 | F77: 10 | G77: Defense Boost (2), Sleep Attack (1) | H77: Baan Mail — Defense Boost (2), Sleep Attack (1) | I77: =IF(OR(Picker!$B$10="Yes",SUMPRODUCT((Picker!$A$5:$A$9<>"")*(Picker!$A$5:$A$9<>"(none)"))=0),1,IF($L77="",0,COUNTIF(Picker!$A$5:$A$9,$L77))+IF($N77="",0,COUNTIF(Picker!$A$5:$A$9,$N77))+IF($P77="",0,COUNTIF(Picker!$A$5:$A$9,$P77))) | J77: =IF($I77=0,"",COUNTIFS($B$2:$B$346,$B77,$I$2:$I$346,">"&$I77)+COUNTIFS($B$2:$B77,$B77,$I$2:$I77,$I77)) | K77: =IF($J77="","",$B77&"#"&$J77) | L77: Defense Boost | M77: 2 | N77: Sleep Attack | O77: 1
A78: Banbaro Mail | B78: Chest | C78: Banbaro Set | D78: 197 | E78: 1 | F78: 10 | G78: Concentration (1), Partbreaker (1) | H78: Banbaro Mail — Concentration (1), Partbreaker (1) | I78: =IF(OR(Picker!$B$10="Yes",SUMPRODUCT((Picker!$A$5:$A$9<>"")*(Picker!$A$5:$A$9<>"(none)"))=0),1,IF($L78="",0,COUNTIF(Picker!$A$5:$A$9,$L78))+IF($N78="",0,COUNTIF(Picker!$A$5:$A$9,$N78))+IF($P78="",0,COUNTIF(Picker!$A$5:$A$9,$P78))) | J78: =IF($I78=0,"",COUNTIFS($B$2:$B$346,$B78,$I$2:$I$346,">"&$I78)+COUNTIFS($B$2:$B78,$B78,$I$2:$I78,$I78)) | K78: =IF($J78="","",$B78&"#"&$J78) | L78: Concentration | M78: 1 | N78: Partbreaker | O78: 1
A79: Barioth Mail | B79: Chest | C79: Barioth Set | D79: 197 | E79: 1 | F79: 10 | G79: Ice Resistance (1), Ice Attack (1) | H79: Barioth Mail — Ice Resistance (1), Ice Attack (1) | I79: =IF(OR(Picker!$B$10="Yes",SUMPRODUCT((Picker!$A$5:$A$9<>"")*(Picker!$A$5:$A$9<>"(none)"))=0),1,IF($L79="",0,COUNTIF(Picker!$A$5:$A$9,$L79))+IF($N79="",0,COUNTIF(Picker!$A$5:$A$9,$N79))+IF($P79="",0,COUNTIF(Picker!$A$5:$A$9,$P79))) | J79: =IF($I79=0,"",COUNTIFS($B$2:$B$346,$B79,$I$2:$I$346,">"&$I79)+COUNTIFS($B$2:$B79,$B79,$I$2:$I79,$I79)) | K79: =IF($J79="","",$B79&"#"&$J79) | L79: Ice Resistance | M79: 1 | N79: Ice Attack | O79: 1
A80: Barroth Mail | B80: Chest | C80: Barroth Set | D80: 197 | E80: 1 | F80: 10 | G80: Offensive Guard (2) | H80: Barroth Mail — Offensive Guard (2) | I80: =IF(OR(Picker!$B$10="Yes",SUMPRODUCT((Picker!$A$5:$A$9<>"")*(Picker!$A$5:$A$9<>"(none)"))=0),1,IF($L80="",0,COUNTIF(Picker!$A$5:$A$9,$L80))+IF($N80="",0,COUNTIF(Picker!$A$5:$A$9,$N80))+IF($P80="",0,COUNTIF(Picker!$A$5:$A$9,$P80))) | J80: =IF($I80=0,"",COUNTIFS($B$2:$B$346,$B80,$I$2:$I$346,">"&$I80)+COUNTIFS($B$2:$B80,$B80,$I$2:$I80,$I80)) | K80: =IF($J80="","",$B80&"#"&$J80) | L80: Offensive Guard | M80: 2
A81: Basarios Mail | B81: Chest | C81: Basarios Set | D81: 197 | E81: 1 | F81: 10 | G81: Artillery (2) | H81: Basarios Mail — Artillery (2) | I81: =IF(OR(Picker!$B$10="Yes",SUMPRODUCT((Picker!$A$5:$A$9<>"")*(Picker!$A$5:$A$9<>"(none)"))=0),1,IF($L81="",0,COUNTIF(Picker!$A$5:$A$9,$L81))+IF($N81="",0,COUNTIF(Picker!$A$5:$A$9,$N81))+IF($P81="",0,COUNTIF(Picker!$A$5:$A$9,$P81))) | J81: =IF($I81=0,"",COUNTIFS($B$2:$B$346,$B81,$I$2:$I$346,">"&$I81)+COUNTIFS($B$2:$B81,$B81,$I$2:$I81,$I81)) | K81: =IF($J81="","",$B81&"#"&$J81) | L81: Artillery | M81: 2
A82: Bazelgeuse Mail | B82: Chest | C82: Bazelgeuse Set | D82: 197 | E82: 1 | F82: 10 | G82: Valor (3) | H82: Bazelgeuse Mail — Valor (3) | I82: =IF(OR(Picker!$B$10="Yes",SUMPRODUCT((Picker!$A$5:$A$9<>"")*(Picker!$A$5:$A$9<>"(none)"))=0),1,IF($L82="",0,COUNTIF(Picker!$A$5:$A$9,$L82))+IF($N82="",0,COUNTIF(Picker!$A$5:$A$9,$N82))+IF($P82="",0,COUNTIF(Picker!$A$5:$A$9,$P82))) | J82: =IF($I82=0,"",COUNTIFS($B$2:$B$346,$B82,$I$2:$I$346,">"&$I82)+COUNTIFS($B$2:$B82,$B82,$I$2:$I82,$I82)) | K82: =IF($J82="","",$B82&"#"&$J82) | L82: Valor | M82: 3
A83: Beotodus Mail | B83: Chest | C83: Beotodus Set | D83: 197 | E83: 1 | F83: 10 | G83: Slugger (2), Blunt Force (1) | H83: Beotodus Mail — Slugger (2), Blunt Force (1) | I83: =IF(OR(Picker!$B$10="Yes",SUMPRODUCT((Picker!$A$5:$A$9<>"")*(Picker!$A$5:$A$9<>"(none)"))=0),1,IF($L83="",0,COUNTIF(Picker!$A$5:$A$9,$L83))+IF($N83="",0,COUNTIF(Picker!$A$5:$A$9,$N83))+IF($P83="",0,COUNTIF(Picker!$A$5:$A$9,$P83))) | J83: =IF($I83=0,"",COUNTIFS($B$2:$B$346,$B83,$I$2:$I$346,">"&$I83)+COUNTIFS($B$2:$B83,$B83,$I$2:$I83,$I83)) | K83: =IF($J83="","",$B83&"#"&$J83) | L83: Slugger | M83: 2 | N83: Blunt Force | O83: 1
A84: Bishaten Mail | B84: Chest | C84: Bishaten Set | D84: 197 | E84: 1 | F84: 10 | G84: Burst (2), Reload Speed (1) | H84: Bishaten Mail — Burst (2), Reload Speed (1) | I84: =IF(OR(Picker!$B$10="Yes",SUMPRODUCT((Picker!$A$5:$A$9<>"")*(Picker!$A$5:$A$9<>"(none)"))=0),1,IF($L84="",0,COUNTIF(Picker!$A$5:$A$9,$L84))+IF($N84="",0,COUNTIF(Picker!$A$5:$A$9,$N84))+IF($P84="",0,COUNTIF(Picker!$A$5:$A$9,$P84))) | J84: =IF($I84=0,"",COUNTIFS($B$2:$B$346,$B84,$I$2:$I$346,">"&$I84)+COUNTIFS($B$2:$B84,$B84,$I$2:$I84,$I84)) | K84: =IF($J84="","",$B84&"#"&$J84) | L84: Burst | M84: 2 | N84: Reload Speed | O84: 1
A85: Ceanataur Mail | B85: Chest | C85: Ceanataur Set | D85: 197 | E85: 1 | F85: 10 | G85: Recoil Down (2), Slicing Ammo Boost (1) | H85: Ceanataur Mail — Recoil Down (2), Slicing Ammo Boost (1) | I85: =IF(OR(Picker!$B$10="Yes",SUMPRODUCT((Picker!$A$5:$A$9<>"")*(Picker!$A$5:$A$9<>"(none)"))=0),1,IF($L85="",0,COUNTIF(Picker!$A$5:$A$9,$L85))+IF($N85="",0,COUNTIF(Picker!$A$5:$A$9,$N85))+IF($P85="",0,COUNTIF(Picker!$A$5:$A$9,$P85))) | J85: =IF($I85=0,"",COUNTIFS($B$2:$B$346,$B85,$I$2:$I$346,">"&$I85)+COUNTIFS($B$2:$B85,$B85,$I$2:$I85,$I85)) | K85: =IF($J85="","",$B85&"#"&$J85) | L85: Recoil Down | M85: 2 | N85: Slicing Ammo Boost | O85: 1
A86: Chatacabra Mail | B86: Chest | C86: Chatacabra Set | D86: 197 | E86: 1 | F86: 10 | G86: Firm Foothold (2), Litheness (1) | H86: Chatacabra Mail — Firm Foothold (2), Litheness (1) | I86: =IF(OR(Picker!$B$10="Yes",SUMPRODUCT((Picker!$A$5:$A$9<>"")*(Picker!$A$5:$A$9<>"(none)"))=0),1,IF($L86="",0,COUNTIF(Picker!$A$5:$A$9,$L86))+IF($N86="",0,COUNTIF(Picker!$A$5:$A$9,$N86))+IF($P86="",0,COUNTIF(Picker!$A$5:$A$9,$P86))) | J86: =IF($I86=0,"",COUNTIFS($B$2:$B$346,$B86,$I$2:$I$346,">"&$I86)+COUNTIFS($B$2:$B86,$B86,$I$2:$I86,$I86)) | K86: =IF($J86="","",$B86&"#"&$J86) | L86: Firm Foothold | M86: 2 | N86: Litheness | O86: 1
A87: Death Garon Mail | B87: Chest | C87: Death Garon Set | D87: 197 | E87: 1 | F87: 10 | G87: Latent Power (1), Critical Element (1) | H87: Death Garon Mail — Latent Power (1), Critical Element (1) | I87: =IF(OR(Picker!$B$10="Yes",SUMPRODUCT((Picker!$A$5:$A$9<>"")*(Picker!$A$5:$A$9<>"(none)"))=0),1,IF($L87="",0,COUNTIF(Picker!$A$5:$A$9,$L87))+IF($N87="",0,COUNTIF(Picker!$A$5:$A$9,$N87))+IF($P87="",0,COUNTIF(Picker!$A$5:$A$9,$P87))) | J87: =IF($I87=0,"",COUNTIFS($B$2:$B$346,$B87,$I$2:$I$346,">"&$I87)+COUNTIFS($B$2:$B87,$B87,$I$2:$I87,$I87)) | K87: =IF($J87="","",$B87&"#"&$J87) | L87: Latent Power | M87: 1 | N87: Critical Element | O87: 1
A88: Diablos Mail | B88: Chest | C88: Diablos Set | D88: 197 | E88: 1 | F88: 10 | G88: Heroics (1), Slugger (3) | H88: Diablos Mail — Heroics (1), Slugger (3) | I88: =IF(OR(Picker!$B$10="Yes",SUMPRODUCT((Picker!$A$5:$A$9<>"")*(Picker!$A$5:$A$9<>"(none)"))=0),1,IF($L88="",0,COUNTIF(Picker!$A$5:$A$9,$L88))+IF($N88="",0,COUNTIF(Picker!$A$5:$A$9,$N88))+IF($P88="",0,COUNTIF(Picker!$A$5:$A$9,$P88))) | J88: =IF($I88=0,"",COUNTIFS($B$2:$B$346,$B88,$I$2:$I$346,">"&$I88)+COUNTIFS($B$2:$B88,$B88,$I$2:$I88,$I88)) | K88: =IF($J88="","",$B88&"#"&$J88) | L88: Heroics | M88: 1 | N88: Slugger | O88: 3
A89: Diablos Nero Mail | B89: Chest | C89: Black Diablos Set | D89: 197 | E89: 1 | F89: 10 | G89: Firm Foothold (1), Resentment (2) | H89: Diablos Nero Mail — Firm Foothold (1), Resentment (2) | I89: =IF(OR(Picker!$B$10="Yes",SUMPRODUCT((Picker!$A$5:$A$9<>"")*(Picker!$A$5:$A$9<>"(none)"))=0),1,IF($L89="",0,COUNTIF(Picker!$A$5:$A$9,$L89))+IF($N89="",0,COUNTIF(Picker!$A$5:$A$9,$N89))+IF($P89="",0,COUNTIF(Picker!$A$5:$A$9,$P89))) | J89: =IF($I89=0,"",COUNTIFS($B$2:$B$346,$B89,$I$2:$I$346,">"&$I89)+COUNTIFS($B$2:$B89,$B89,$I$2:$I89,$I89)) | K89: =IF($J89="","",$B89&"#"&$J89) | L89: Firm Foothold | M89: 1 | N89: Resentment | O89: 2
A90: Espinas Muscle | B90: Chest | C90: Espinas Set | D90: 197 | E90: 1 | F90: 10 | G90: Pursuit (3) | H90: Espinas Muscle — Pursuit (3) | I90: =IF(OR(Picker!$B$10="Yes",SUMPRODUCT((Picker!$A$5:$A$9<>"")*(Picker!$A$5:$A$9<>"(none)"))=0),1,IF($L90="",0,COUNTIF(Picker!$A$5:$A$9,$L90))+IF($N90="",0,COUNTIF(Picker!$A$5:$A$9,$N90))+IF($P90="",0,COUNTIF(Picker!$A$5:$A$9,$P90))) | J90: =IF($I90=0,"",COUNTIFS($B$2:$B$346,$B90,$I$2:$I$346,">"&$I90)+COUNTIFS($B$2:$B90,$B90,$I$2:$I90,$I90)) | K90: =IF($J90="","",$B90&"#"&$J90) | L90: Pursuit | M90: 3
A91: Fulgur Mail | B91: Chest | C91: Fulgur Set | D91: 197 | E91: 1 | F91: 10 | G91: Health Boost (1), Vital Thunder (1) | H91: Fulgur Mail — Health Boost (1), Vital Thunder (1) | I91: =IF(OR(Picker!$B$10="Yes",SUMPRODUCT((Picker!$A$5:$A$9<>"")*(Picker!$A$5:$A$9<>"(none)"))=0),1,IF($L91="",0,COUNTIF(Picker!$A$5:$A$9,$L91))+IF($N91="",0,COUNTIF(Picker!$A$5:$A$9,$N91))+IF($P91="",0,COUNTIF(Picker!$A$5:$A$9,$P91))) | J91: =IF($I91=0,"",COUNTIFS($B$2:$B$346,$B91,$I$2:$I$346,">"&$I91)+COUNTIFS($B$2:$B91,$B91,$I$2:$I91,$I91)) | K91: =IF($J91="","",$B91&"#"&$J91) | L91: Health Boost | M91: 1 | N91: Vital Thunder | O91: 1
A92: Girros Mail | B92: Chest | C92: Girros Set | D92: 197 | E92: 1 | F92: 10 | G92: Paralysis Resistance (1), Sneak Attack (2) | H92: Girros Mail — Paralysis Resistance (1), Sneak Attack (2) | I92: =IF(OR(Picker!$B$10="Yes",SUMPRODUCT((Picker!$A$5:$A$9<>"")*(Picker!$A$5:$A$9<>"(none)"))=0),1,IF($L92="",0,COUNTIF(Picker!$A$5:$A$9,$L92))+IF($N92="",0,COUNTIF(Picker!$A$5:$A$9,$N92))+IF($P92="",0,COUNTIF(Picker!$A$5:$A$9,$P92))) | J92: =IF($I92=0,"",COUNTIFS($B$2:$B$346,$B92,$I$2:$I$346,">"&$I92)+COUNTIFS($B$2:$B92,$B92,$I$2:$I92,$I92)) | K92: =IF($J92="","",$B92&"#"&$J92) | L92: Paralysis Resistance | M92: 1 | N92: Sneak Attack | O92: 2
A93: Glavenus Mail | B93: Chest | C93: Glavenus Set | D93: 197 | E93: 1 | F93: 10 | G93: Lock On (1), Raw Power (2) | H93: Glavenus Mail — Lock On (1), Raw Power (2) | I93: =IF(OR(Picker!$B$10="Yes",SUMPRODUCT((Picker!$A$5:$A$9<>"")*(Picker!$A$5:$A$9<>"(none)"))=0),1,IF($L93="",0,COUNTIF(Picker!$A$5:$A$9,$L93))+IF($N93="",0,COUNTIF(Picker!$A$5:$A$9,$N93))+IF($P93="",0,COUNTIF(Picker!$A$5:$A$9,$P93))) | J93: =IF($I93=0,"",COUNTIFS($B$2:$B$346,$B93,$I$2:$I$346,">"&$I93)+COUNTIFS($B$2:$B93,$B93,$I$2:$I93,$I93)) | K93: =IF($J93="","",$B93&"#"&$J93) | L93: Lock On | M93: 1 | N93: Raw Power | O93: 2
A94: Golden Haori | B94: Chest | C94: Golden Set | D94: 197 | E94: 1 | F94: 10 | G94: Concentration (1), Fighting Spirit (1) | H94: Golden Haori — Concentration (1), Fighting Spirit (1) | I94: =IF(OR(Picker!$B$10="Yes",SUMPRODUCT((Picker!$A$5:$A$9<>"")*(Picker!$A$5:$A$9<>"(none)"))=0),1,IF($L94="",0,COUNTIF(Picker!$A$5:$A$9,$L94))+IF($N94="",0,COUNTIF(Picker!$A$5:$A$9,$N94))+IF($P94="",0,COUNTIF(Picker!$A$5:$A$9,$P94))) | J94: =IF($I94=0,"",COUNTIFS($B$2:$B$346,$B94,$I$2:$I$346,">"&$I94)+COUNTIFS($B$2:$B94,$B94,$I$2:$I94,$I94)) | K94: =IF($J94="","",$B94&"#"&$J94) | L94: Concentration | M94: 1 | N94: Fighting Spirit | O94: 1
A95: Golden Lunemail | B95: Chest | C95: Golden Lune Set | D95: 197 | E95: 1 | F95: 10 | G95: Partbreaker (2) | H95: Golden Lunemail — Partbreaker (2) | I95: =IF(OR(Picker!$B$10="Yes",SUMPRODUCT((Picker!$A$5:$A$9<>"")*(Picker!$A$5:$A$9<>"(none)"))=0),1,IF($L95="",0,COUNTIF(Picker!$A$5:$A$9,$L95))+IF($N95="",0,COUNTIF(Picker!$A$5:$A$9,$N95))+IF($P95="",0,COUNTIF(Picker!$A$5:$A$9,$P95))) | J95: =IF($I95=0,"",COUNTIFS($B$2:$B$346,$B95,$I$2:$I$346,">"&$I95)+COUNTIFS($B$2:$B95,$B95,$I$2:$I95,$I95)) | K95: =IF($J95="","",$B95&"#"&$J95) | L95: Partbreaker | M95: 2
A96: Golm Mail | B96: Chest | C96: Garangolm Set | D96: 197 | E96: 2 | F96: 10 | G96: Guard (1), Guard Up (1) | H96: Golm Mail — Guard (1), Guard Up (1) | I96: =IF(OR(Picker!$B$10="Yes",SUMPRODUCT((Picker!$A$5:$A$9<>"")*(Picker!$A$5:$A$9<>"(none)"))=0),1,IF($L96="",0,COUNTIF(Picker!$A$5:$A$9,$L96))+IF($N96="",0,COUNTIF(Picker!$A$5:$A$9,$N96))+IF($P96="",0,COUNTIF(Picker!$A$5:$A$9,$P96))) | J96: =IF($I96=0,"",COUNTIFS($B$2:$B$346,$B96,$I$2:$I$346,">"&$I96)+COUNTIFS($B$2:$B96,$B96,$I$2:$I96,$I96)) | K96: =IF($J96="","",$B96&"#"&$J96) | L96: Guard | M96: 1 | N96: Guard Up | O96: 1
A97: Goss Harag Mail | B97: Chest | C97: Goss Harag Set | D97: 197 | E97: 1 | F97: 10 | G97: Ice Attack (2), Advanced Ice Attack (1) | H97: Goss Harag Mail — Ice Attack (2), Advanced Ice Attack (1) | I97: =IF(OR(Picker!$B$10="Yes",SUMPRODUCT((Picker!$A$5:$A$9<>"")*(Picker!$A$5:$A$9<>"(none)"))=0),1,IF($L97="",0,COUNTIF(Picker!$A$5:$A$9,$L97))+IF($N97="",0,COUNTIF(Picker!$A$5:$A$9,$N97))+IF($P97="",0,COUNTIF(Picker!$A$5:$A$9,$P97))) | J97: =IF($I97=0,"",COUNTIFS($B$2:$B$346,$B97,$I$2:$I$346,">"&$I97)+COUNTIFS($B$2:$B97,$B97,$I$2:$I97,$I97)) | K97: =IF($J97="","",$B97&"#"&$J97) | L97: Ice Attack | M97: 2 | N97: Advanced Ice Attack | O97: 1
A98: Jagras Mail | B98: Chest | C98: Jagras Set | D98: 197 | E98: 1 | F98: 10 | G98: Rising Tide (2) | H98: Jagras Mail — Rising Tide (2) | I98: =IF(OR(Picker!$B$10="Yes",SUMPRODUCT((Picker!$A$5:$A$9<>"")*(Picker!$A$5:$A$9<>"(none)"))=0),1,IF($L98="",0,COUNTIF(Picker!$A$5:$A$9,$L98))+IF($N98="",0,COUNTIF(Picker!$A$5:$A$9,$N98))+IF($P98="",0,COUNTIF(Picker!$A$5:$A$9,$P98))) | J98: =IF($I98=0,"",COUNTIFS($B$2:$B$346,$B98,$I$2:$I$346,">"&$I98)+COUNTIFS($B$2:$B98,$B98,$I$2:$I98,$I98)) | K98: =IF($J98="","",$B98&"#"&$J98) | L98: Rising Tide | M98: 2
A99: Jyura Mail | B99: Chest | C99: Jyuratodus Set | D99: 197 | E99: 1 | F99: 10 | G99: Water Attack (1), Last Stand (1) | H99: Jyura Mail — Water Attack (1), Last Stand (1) | I99: =IF(OR(Picker!$B$10="Yes",SUMPRODUCT((Picker!$A$5:$A$9<>"")*(Picker!$A$5:$A$9<>"(none)"))=0),1,IF($L99="",0,COUNTIF(Picker!$A$5:$A$9,$L99))+IF($N99="",0,COUNTIF(Picker!$A$5:$A$9,$N99))+IF($P99="",0,COUNTIF(Picker!$A$5:$A$9,$P99))) | J99: =IF($I99=0,"",COUNTIFS($B$2:$B$346,$B99,$I$2:$I$346,">"&$I99)+COUNTIFS($B$2:$B99,$B99,$I$2:$I99,$I99)) | K99: =IF($J99="","",$B99&"#"&$J99) | L99: Water Attack | M99: 1 | N99: Last Stand | O99: 1
A100: Kadachi Mail | B100: Chest | C100: Kadachi Set | D100: 197 | E100: 1 | F100: 10 | G100: Thunder Attack (1), Evade Extender (1) | H100: Kadachi Mail — Thunder Attack (1), Evade Extender (1) | I100: =IF(OR(Picker!$B$10="Yes",SUMPRODUCT((Picker!$A$5:$A$9<>"")*(Picker!$A$5:$A$9<>"(none)"))=0),1,IF($L100="",0,COUNTIF(Picker!$A$5:$A$9,$L100))+IF($N100="",0,COUNTIF(Picker!$A$5:$A$9,$N100))+IF($P100="",0,COUNTIF(Picker!$A$5:$A$9,$P100))) | J100: =IF($I100=0,"",COUNTIFS($B$2:$B$346,$B100,$I$2:$I$346,">"&$I100)+COUNTIFS($B$2:$B100,$B100,$I$2:$I100,$I100)) | K100: =IF($J100="","",$B100&"#"&$J100) | L100: Thunder Attack | M100: 1 | N100: Evade Extender | O100: 1
...

Sheet ArmourSkills
A1: Armour | B1: Slot | C1: Skill | D1: Level
A2: Aknosom Helm | B2: Head | C2: Defensive Loading | D2: 2
A3: Alloy Helm | B3: Head | C3: Earplugs | D3: 3
A4: Almudron Helm | B4: Head | C4: Water Attack | D4: 1
A5: Almudron Helm | B5: Head | C5: Sneak Attack | D5: 1
A6: Almudron Helm | B6: Head | C6: Advanced Water Attack | D6: 1
A7: Anja Helm | B7: Head | C7: Fire Resistance | D7: 1
A8: Anja Helm | B8: Head | C8: Fire Attack | D8: 2
A9: Arzuros Helm | B9: Head | C9: Shared Shield | D9: 1
A10: Arzuros Helm | B10: Head | C10: Shared Sword | D10: 1
A11: Astalos Helm | B11: Head | C11: Thunder Attack | D11: 1
A12: Astalos Helm | B12: Head | C12: Reload Speed | D12: 1
A13: Astalos Helm | B13: Head | C13: Advanced Thunder Attack | D13: 1
... A630: Zinogre Greaves | B630: Legs | C630: Burst | D630: 1

Sheet Lists
A1: Head | B1: Chest | C1: Arms | D1: Waist | E1: Legs | F1: Skill choice
A2: Aknosom Helm | B2: Aknosom Mail | C2: Aknosom Braces | D2: Aknosom Coil | E2: Aknosom Greaves | F2: (none)
A3: Alloy Helm | B3: Alloy Mail | C3: Alloy Vambraces | D3: Alloy Coil | E3: Alloy Greaves | F3: Advanced Attack Boost
A4: Almudron Helm | B4: Almudron Mail | C4: Almudron Vambraces | D4: Almudron Coil | E4: Almudron Greaves | F4: Advanced Burst
A5: Anja Helm | B5: Anja Mail | C5: Anja Vambraces | D5: Anja Coil | E5: Anja Greaves | F5: Advanced Dragon Attack
A6: Arzuros Helm | B6: Arzuros Mail | C6: Arzuros Vambraces | D6: Arzuros Coil | E6: Arzuros Greaves | F6: Advanced Ice Attack
A7: Astalos Helm | B7: Astalos Mail | C7: Astalos Braces | D7: Astalos Coil | E7: Astalos Greaves | F7: Advanced Thunder Attack
A8: Baan Helm | B8: Baan Mail | C8: Baan Vambraces | D8: Baan Coil | E8: Baan Greaves | F8: Advanced Water Attack
A9: Banbaro Helm | B9: Banbaro Mail | C9: Banbaro Vambraces | D9: Banbaro Coil | E9: Banbaro Greaves | F9: Aggressive Dodger
A10: Barioth Helm | B10: Barioth Mail | C10: Barioth Vambraces | D10: Barioth Faulds | E10: Barioth Greaves | F10: Ailment Opportunist
A11: Barroth Helm | B11: Barroth Mail | C11: Barroth Vambraces | D11: Barroth Coil | E11: Barroth Greaves | F11: Artful Dodger
A12: Basarios Helm | B12: Basarios Mail | C12: Basarios Vambraces | D12: Basarios Coil | E12: Basarios Greaves | F12: Artillery
... A70: Zinogre Helm | B70: Zinogre Mail | C70: Zinogre Braces | D70: Zinogre Coil | E70: Zinogre Greaves | F70: Lock On
F71: Malzeno Crimsonblood
F72: Meditation
F73: Morph Attack Boost
F74: Morph Boost
F75: Namielle Electrowave
F76: Nergigante Avidity
F77: Normal/Element Ammo Boost
F78: Offensive Dodger
F79: Offensive Guard
F80: Paralysis Attack
F81: Paralysis Exploit
F82: Paralysis Resistance
... F133: Windproof

Sheet Calc
A1: Skill | B1: Total in build | C1: Rank
A2: Advanced Attack Boost | B2: =SUMIFS(ArmourSkills!$D$2:$D$630,ArmourSkills!$A$2:$A$630,Picker!$B$38,ArmourSkills!$C$2:$C$630,$A2)+SUMIFS(ArmourSkills!$D$2:$D$630,ArmourSkills!$A$2:$A$630,Picker!$B$39,ArmourSkills!$C$2:$C$630,$A2)+SUMIFS(ArmourSkills!$D$2:$D$630,ArmourSkills!$A$2:$A$630,Picker!$B$40,ArmourSkills!$C$2:$C$630,$A2)+SUMIFS(ArmourSkills!$D$2:$D$630,ArmourSkills!$A$2:$A$630,Picker!$B$41,ArmourSkills!$C$2:$C$630,$A2)+SUMIFS(ArmourSkills!$D$2:$D$630,ArmourSkills!$A$2:$A$630,Picker!$B$42,ArmourSkills!$C$2:$C$630,$A2) | C2: =IF($B2=0,"",COUNTIF($B$2:$B$132,">"&$B2)+COUNTIF($B$2:$B2,$B2))
A3: Advanced Burst | B3: =SUMIFS(ArmourSkills!$D$2:$D$630,ArmourSkills!$A$2:$A$630,Picker!$B$38,ArmourSkills!$C$2:$C$630,$A3)+SUMIFS(ArmourSkills!$D$2:$D$630,ArmourSkills!$A$2:$A$630,Picker!$B$39,ArmourSkills!$C$2:$C$630,$A3)+SUMIFS(ArmourSkills!$D$2:$D$630,ArmourSkills!$A$2:$A$630,Picker!$B$40,ArmourSkills!$C$2:$C$630,$A3)+SUMIFS(ArmourSkills!$D$2:$D$630,ArmourSkills!$A$2:$A$630,Picker!$B$41,ArmourSkills!$C$2:$C$630,$A3)+SUMIFS(ArmourSkills!$D$2:$D$630,ArmourSkills!$A$2:$A$630,Picker!$B$42,ArmourSkills!$C$2:$C$630,$A3) | C3: =IF($B3=0,"",COUNTIF($B$2:$B$132,">"&$B3)+COUNTIF($B$2:$B3,$B3))
A4: Advanced Dragon Attack | B4: =SUMIFS(ArmourSkills!$D$2:$D$630,ArmourSkills!$A$2:$A$630,Picker!$B$38,ArmourSkills!$C$2:$C$630,$A4)+SUMIFS(ArmourSkills!$D$2:$D$630,ArmourSkills!$A$2:$A$630,Picker!$B$39,ArmourSkills!$C$2:$C$630,$A4)+SUMIFS(ArmourSkills!$D$2:$D$630,ArmourSkills!$A$2:$A$630,Picker!$B$40,ArmourSkills!$C$2:$C$630,$A4)+SUMIFS(ArmourSkills!$D$2:$D$630,ArmourSkills!$A$2:$A$630,Picker!$B$41,ArmourSkills!$C$2:$C$630,$A4)+SUMIFS(ArmourSkills!$D$2:$D$630,ArmourSkills!$A$2:$A$630,Picker!$B$42,ArmourSkills!$C$2:$C$630,$A4) | C4: =IF($B4=0,"",COUNTIF($B$2:$B$132,">"&$B4)+COUNTIF($B$2:$B4,$B4))
A5: Advanced Ice Attack | B5: =SUMIFS(ArmourSkills!$D$2:$D$630,ArmourSkills!$A$2:$A$630,Picker!$B$38,ArmourSkills!$C$2:$C$630,$A5)+SUMIFS(ArmourSkills!$D$2:$D$630,ArmourSkills!$A$2:$A$630,Picker!$B$39,ArmourSkills!$C$2:$C$630,$A5)+SUMIFS(ArmourSkills!$D$2:$D$630,ArmourSkills!$A$2:$A$630,Picker!$B$40,ArmourSkills!$C$2:$C$630,$A5)+SUMIFS(ArmourSkills!$D$2:$D$630,ArmourSkills!$A$2:$A$630,Picker!$B$41,ArmourSkills!$C$2:$C$630,$A5)+SUMIFS(ArmourSkills!$D$2:$D$630,ArmourSkills!$A$2:$A$630,Picker!$B$42,ArmourSkills!$C$2:$C$630,$A5) | C5: =IF($B5=0,"",COUNTIF($B$2:$B$132,">"&$B5)+COUNTIF($B$2:$B5,$B5))
A6: Advanced Thunder Attack | B6: =SUMIFS(ArmourSkills!$D$2:$D$630,ArmourSkills!$A$2:$A$630,Picker!$B$38,ArmourSkills!$C$2:$C$630,$A6)+SUMIFS(ArmourSkills!$D$2:$D$630,ArmourSkills!$A$2:$A$630,Picker!$B$39,ArmourSkills!$C$2:$C$630,$A6)+SUMIFS(ArmourSkills!$D$2:$D$630,ArmourSkills!$A$2:$A$630,Picker!$B$40,ArmourSkills!$C$2:$C$630,$A6)+SUMIFS(ArmourSkills!$D$2:$D$630,ArmourSkills!$A$2:$A$630,Picker!$B$41,ArmourSkills!$C$2:$C$630,$A6)+SUMIFS(ArmourSkills!$D$2:$D$630,ArmourSkills!$A$2:$A$630,Picker!$B$42,ArmourSkills!$C$2:$C$630,$A6) | C6: =IF($B6=0,"",COUNTIF($B$2:$B$132,">"&$B6)+COUNTIF($B$2:$B6,$B6))
A7: Advanced Water Attack | B7: =SUMIFS(ArmourSkills!$D$2:$D$630,ArmourSkills!$A$2:$A$630,Picker!$B$38,ArmourSkills!$C$2:$C$630,$A7)+SUMIFS(ArmourSkills!$D$2:$D$630,ArmourSkills!$A$2:$A$630,Picker!$B$39,ArmourSkills!$C$2:$C$630,$A7)+SUMIFS(ArmourSkills!$D$2:$D$630,ArmourSkills!$A$2:$A$630,Picker!$B$40,ArmourSkills!$C$2:$C$630,$A7)+SUMIFS(ArmourSkills!$D$2:$D$630,ArmourSkills!$A$2:$A$630,Picker!$B$41,ArmourSkills!$C$2:$C$630,$A7)+SUMIFS(ArmourSkills!$D$2:$D$630,ArmourSkills!$A$2:$A$630,Picker!$B$42,ArmourSkills!$C$2:$C$630,$A7) | C7: =IF($B7=0,"",COUNTIF($B$2:$B$132,">"&$B7)+COUNTIF($B$2:$B7,$B7))
A8: Aggressive Dodger | B8: =SUMIFS(ArmourSkills!$D$2:$D$630,ArmourSkills!$A$2:$A$630,Picker!$B$38,ArmourSkills!$C$2:$C$630,$A8)+SUMIFS(ArmourSkills!$D$2:$D$630,ArmourSkills!$A$2:$A$630,Picker!$B$39,ArmourSkills!$C$2:$C$630,$A8)+SUMIFS(ArmourSkills!$D$2:$D$630,ArmourSkills!$A$2:$A$630,Picker!$B$40,ArmourSkills!$C$2:$C$630,$A8)+SUMIFS(ArmourSkills!$D$2:$D$630,ArmourSkills!$A$2:$A$630,Picker!$B$41,ArmourSkills!$C$2:$C$630,$A8)+SUMIFS(ArmourSkills!$D$2:$D$630,ArmourSkills!$A$2:$A$630,Picker!$B$42,ArmourSkills!$C$2:$C$630,$A8) | C8: =IF($B8=0,"",COUNTIF($B$2:$B$132,">"&$B8)+COUNTIF($B$2:$B8,$B8))
A9: Ailment Opportunist | B9: =SUMIFS(ArmourSkills!$D$2:$D$630,ArmourSkills!$A$2:$A$630,Picker!$B$38,ArmourSkills!$C$2:$C$630,$A9)+SUMIFS(ArmourSkills!$D$2:$D$630,ArmourSkills!$A$2:$A$630,Picker!$B$39,ArmourSkills!$C$2:$C$630,$A9)+SUMIFS(ArmourSkills!$D$2:$D$630,ArmourSkills!$A$2:$A$630,Picker!$B$40,ArmourSkills!$C$2:$C$630,$A9)+SUMIFS(ArmourSkills!$D$2:$D$630,ArmourSkills!$A$2:$A$630,Picker!$B$41,ArmourSkills!$C$2:$C$630,$A9)+SUMIFS(ArmourSkills!$D$2:$D$630,ArmourSkills!$A$2:$A$630,Picker!$B$42,ArmourSkills!$C$2:$C$630,$A9) | C9: =IF($B9=0,"",COUNTIF($B$2:$B$132,">"&$B9)+COUNTIF($B$2:$B9,$B9))
A10: Artful Dodger | B10: =SUMIFS(ArmourSkills!$D$2:$D$630,ArmourSkills!$A$2:$A$630,Picker!$B$38,ArmourSkills!$C$2:$C$630,$A10)+SUMIFS(ArmourSkills!$D$2:$D$630,ArmourSkills!$A$2:$A$630,Picker!$B$39,ArmourSkills!$C$2:$C$630,$A10)+SUMIFS(ArmourSkills!$D$2:$D$630,ArmourSkills!$A$2:$A$630,Picker!$B$40,ArmourSkills!$C$2:$C$630,$A10)+SUMIFS(ArmourSkills!$D$2:$D$630,ArmourSkills!$A$2:$A$630,Picker!$B$41,ArmourSkills!$C$2:$C$630,$A10)+SUMIFS(ArmourSkills!$D$2:$D$630,ArmourSkills!$A$2:$A$630,Picker!$B$42,ArmourSkills!$C$2:$C$630,$A10) | C10: =IF($B10=0,"",COUNTIF($B$2:$B$132,">"&$B10)+COUNTIF($B$2:$B10,$B10))
A11: Artillery | B11: =SUMIFS(ArmourSkills!$D$2:$D$630,ArmourSkills!$A$2:$A$630,Picker!$B$38,ArmourSkills!$C$2:$C$630,$A11)+SUMIFS(ArmourSkills!$D$2:$D$630,ArmourSkills!$A$2:$A$630,Picker!$B$39,ArmourSkills!$C$2:$C$630,$A11)+SUMIFS(ArmourSkills!$D$2:$D$630,ArmourSkills!$A$2:$A$630,Picker!$B$40,ArmourSkills!$C$2:$C$630,$A11)+SUMIFS(ArmourSkills!$D$2:$D$630,ArmourSkills!$A$2:$A$630,Picker!$B$41,ArmourSkills!$C$2:$C$630,$A11)+SUMIFS(ArmourSkills!$D$2:$D$630,ArmourSkills!$A$2:$A$630,Picker!$B$42,ArmourSkills!$C$2:$C$630,$A11) | C11: =IF($B11=0,"",COUNTIF($B$2:$B$132,">"&$B11)+COUNTIF($B$2:$B11,$B11))
A12: Attack Boost | B12: =SUMIFS(ArmourSkills!$D$2:$D$630,ArmourSkills!$A$2:$A$630,Picker!$B$38,ArmourSkills!$C$2:$C$630,$A12)+SUMIFS(ArmourSkills!$D$2:$D$630,ArmourSkills!$A$2:$A$630,Picker!$B$39,ArmourSkills!$C$2:$C$630,$A12)+SUMIFS(ArmourSkills!$D$2:$D$630,ArmourSkills!$A$2:$A$630,Picker!$B$40,ArmourSkills!$C$2:$C$630,$A12)+SUMIFS(ArmourSkills!$D$2:$D$630,ArmourSkills!$A$2:$A$630,Picker!$B$41,ArmourSkills!$C$2:$C$630,$A12)+SUMIFS(ArmourSkills!$D$2:$D$630,ArmourSkills!$A$2:$A$630,Picker!$B$42,ArmourSkills!$C$2:$C$630,$A12) | C12: =IF($B12=0,"",COUNTIF($B$2:$B$132,">"&$B12)+COUNTIF($B$2:$B12,$B12))
A13: Attack Efficacy | B13: =SUMIFS(ArmourSkills!$D$2:$D$630,ArmourSkills!$A$2:$A$630,Picker!$B$38,ArmourSkills!$C$2:$C$630,$A13)+SUMIFS(ArmourSkills!$D$2:$D$630,ArmourSkills!$A$2:$A$630,Picker!$B$39,ArmourSkills!$C$2:$C$630,$A13)+SUMIFS(ArmourSkills!$D$2:$D$630,ArmourSkills!$A$2:$A$630,Picker!$B$40,ArmourSkills!$C$2:$C$630,$A13)+SUMIFS(ArmourSkills!$D$2:$D$630,ArmourSkills!$A$2:$A$630,Picker!$B$41,ArmourSkills!$C$2:$C$630,$A13)+SUMIFS(ArmourSkills!$D$2:$D$630,ArmourSkills!$A$2:$A$630,Picker!$B$42,ArmourSkills!$C$2:$C$630,$A13) | C13: =IF($B13=0,"",COUNTIF($B$2:$B$132,">"&$B13)+COUNTIF($B$2:$B13,$B13))
... A132: Windproof | B132: =SUMIFS(ArmourSkills!$D$2:$D$630,ArmourSkills!$A$2:$A$630,Picker!$B$38,ArmourSkills!$C$2:$C$630,$A132)+SUMIFS(ArmourSkills!$D$2:$D$630,ArmourSkills!$A$2:$A$630,Picker!$B$39,ArmourSkills!$C$2:$C$630,$A132)+SUMIFS(ArmourSkills!$D$2:$D$630,ArmourSkills!$A$2:$A$630,Picker!$B$40,ArmourSkills!$C$2:$C$630,$A132)+SUMIFS(ArmourSkills!$D$2:$D$630,ArmourSkills!$A$2:$A$630,Picker!$B$41,ArmourSkills!$C$2:$C$630,$A132)+SUMIFS(ArmourSkills!$D$2:$D$630,ArmourSkills!$A$2:$A$630,Picker!$B$42,ArmourSkills!$C$2:$C$630,$A132) | C132: =IF($B132=0,"",COUNTIF($B$2:$B$132,">"&$B132)+COUNTIF($B$2:$B132,$B132))
